{
  "type": "FeatureCollection",
  "features": [
    {
      "type": "Feature",
      "geometry": {
        "type": "Point",
        "coordinates": [
          -72.63414001464844,
          -38.72454071044922
        ]
      },
      "properties": {
        "id": "G1-20260424-0001",
        "nombre": "Señalética Vial",
        "fecha": "2026-04-24",
        "fecha_display": "24/4/2026",
        "hora": "10:52",
        "cuadrilla": "GRUPO 1",
        "tipo": "Mantención de Señalética",
        "foto_antes": "Datos Grupos Terreno/Chat de WhatsApp con G1 acrilica Fernando  Pedro G/IMG-20260424-WA0030.jpg",
        "foto_despues": "Datos Grupos Terreno/Chat de WhatsApp con G1 acrilica Fernando  Pedro G/IMG-20260424-WA0043.jpg",
        "nombre_foto_antes": "IMG-20260424-WA0030.jpg",
        "nombre_foto_despues": "IMG-20260424-WA0043.jpg",
        "total_fotos": 13,
        "observaciones": ""
      }
    },
    {
      "type": "Feature",
      "geometry": {
        "type": "Point",
        "coordinates": [
          -72.63414001464844,
          -38.72454071044922
        ]
      },
      "properties": {
        "id": "G1-20260424-0002",
        "nombre": "Señalética Vial",
        "fecha": "2026-04-24",
        "fecha_display": "24/4/2026",
        "hora": "11:49",
        "cuadrilla": "GRUPO 1",
        "tipo": "Mantención de Señalética",
        "foto_antes": "Datos Grupos Terreno/Chat de WhatsApp con G1 acrilica Fernando  Pedro G/IMG-20260424-WA0044.jpg",
        "foto_despues": "Datos Grupos Terreno/Chat de WhatsApp con G1 acrilica Fernando  Pedro G/IMG-20260424-WA0104.jpg",
        "nombre_foto_antes": "IMG-20260424-WA0044.jpg",
        "nombre_foto_despues": "IMG-20260424-WA0104.jpg",
        "total_fotos": 32,
        "observaciones": ""
      }
    },
    {
      "type": "Feature",
      "geometry": {
        "type": "Point",
        "coordinates": [
          -72.59709167480469,
          -38.74368667602539
        ]
      },
      "properties": {
        "id": "G1-20260424-0003",
        "nombre": "Señalética Vial",
        "fecha": "2026-04-24",
        "fecha_display": "24/4/2026",
        "hora": "14:50",
        "cuadrilla": "GRUPO 1",
        "tipo": "Mantención de Señalética",
        "foto_antes": "Datos Grupos Terreno/Chat de WhatsApp con G1 acrilica Fernando  Pedro G/IMG-20260424-WA0105.jpg",
        "foto_despues": "Datos Grupos Terreno/Chat de WhatsApp con G1 acrilica Fernando  Pedro G/IMG-20260424-WA0160.jpg",
        "nombre_foto_antes": "IMG-20260424-WA0105.jpg",
        "nombre_foto_despues": "IMG-20260424-WA0160.jpg",
        "total_fotos": 21,
        "observaciones": ""
      }
    },
    {
      "type": "Feature",
      "geometry": {
        "type": "Point",
        "coordinates": [
          -72.6006832,
          -38.7466895
        ]
      },
      "properties": {
        "id": "G1-20260424-0004",
        "nombre": "Señalética Vial",
        "fecha": "2026-04-24",
        "fecha_display": "24/4/2026",
        "hora": "17:13",
        "cuadrilla": "GRUPO 1",
        "tipo": "Mantención de Señalética",
        "foto_antes": "Datos Grupos Terreno/Chat de WhatsApp con G1 acrilica Fernando  Pedro G/IMG-20260424-WA0161.jpg",
        "foto_despues": "Datos Grupos Terreno/Chat de WhatsApp con G1 acrilica Fernando  Pedro G/IMG-20260424-WA0167.jpg",
        "nombre_foto_antes": "IMG-20260424-WA0161.jpg",
        "nombre_foto_despues": "IMG-20260424-WA0167.jpg",
        "total_fotos": 6,
        "observaciones": ""
      }
    },
    {
      "type": "Feature",
      "geometry": {
        "type": "Point",
        "coordinates": [
          -72.62562561035156,
          -38.75813293457031
        ]
      },
      "properties": {
        "id": "G1-20260424-0005",
        "nombre": "Señalética Vial",
        "fecha": "2026-04-24",
        "fecha_display": "24/4/2026",
        "hora": "17:34",
        "cuadrilla": "GRUPO 1",
        "tipo": "Mantención de Señalética",
        "foto_antes": "Datos Grupos Terreno/Chat de WhatsApp con G1 acrilica Fernando  Pedro G/IMG-20260424-WA0168.jpg",
        "foto_despues": "Datos Grupos Terreno/Chat de WhatsApp con G1 acrilica Fernando  Pedro G/IMG-20260424-WA0182.jpg",
        "nombre_foto_antes": "IMG-20260424-WA0168.jpg",
        "nombre_foto_despues": "IMG-20260424-WA0182.jpg",
        "total_fotos": 15,
        "observaciones": ""
      }
    },
    {
      "type": "Feature",
      "geometry": {
        "type": "Point",
        "coordinates": [
          -72.6460952758789,
          -38.75410461425781
        ]
      },
      "properties": {
        "id": "G1-20260424-0006",
        "nombre": "Señalética Vial",
        "fecha": "2026-04-24",
        "fecha_display": "24/4/2026",
        "hora": "18:12",
        "cuadrilla": "GRUPO 1",
        "tipo": "Mantención de Señalética",
        "foto_antes": "Datos Grupos Terreno/Chat de WhatsApp con G1 acrilica Fernando  Pedro G/IMG-20260424-WA0183.jpg",
        "foto_despues": "Datos Grupos Terreno/Chat de WhatsApp con G1 acrilica Fernando  Pedro G/IMG-20260424-WA0187.jpg",
        "nombre_foto_antes": "IMG-20260424-WA0183.jpg",
        "nombre_foto_despues": "IMG-20260424-WA0187.jpg",
        "total_fotos": 4,
        "observaciones": ""
      }
    },
    {
      "type": "Feature",
      "geometry": {
        "type": "Point",
        "coordinates": [
          -72.64605712890625,
          -38.75407791137695
        ]
      },
      "properties": {
        "id": "G1-20260424-0007",
        "nombre": "Señalética Vial",
        "fecha": "2026-04-24",
        "fecha_display": "24/4/2026",
        "hora": "18:18",
        "cuadrilla": "GRUPO 1",
        "tipo": "Mantención de Señalética",
        "foto_antes": "Datos Grupos Terreno/Chat de WhatsApp con G1 acrilica Fernando  Pedro G/IMG-20260424-WA0188.jpg",
        "foto_despues": "Datos Grupos Terreno/Chat de WhatsApp con G1 acrilica Fernando  Pedro G/IMG-20260424-WA0201.jpg",
        "nombre_foto_antes": "IMG-20260424-WA0188.jpg",
        "nombre_foto_despues": "IMG-20260424-WA0201.jpg",
        "total_fotos": 8,
        "observaciones": ""
      }
    },
    {
      "type": "Feature",
      "geometry": {
        "type": "Point",
        "coordinates": [
          -72.6482925415039,
          -38.71884536743164
        ]
      },
      "properties": {
        "id": "G1-20260427-0008",
        "nombre": "Señalética Vial",
        "fecha": "2026-04-27",
        "fecha_display": "27/4/2026",
        "hora": "09:03",
        "cuadrilla": "GRUPO 1",
        "tipo": "Mantención de Señalética",
        "foto_antes": "Datos Grupos Terreno/Chat de WhatsApp con G1 acrilica Fernando  Pedro G/IMG-20260427-WA0010.jpg",
        "foto_despues": "Datos Grupos Terreno/Chat de WhatsApp con G1 acrilica Fernando  Pedro G/IMG-20260427-WA0086.jpg",
        "nombre_foto_antes": "IMG-20260427-WA0010.jpg",
        "nombre_foto_despues": "IMG-20260427-WA0086.jpg",
        "total_fotos": 27,
        "observaciones": ""
      }
    },
    {
      "type": "Feature",
      "geometry": {
        "type": "Point",
        "coordinates": [
          -72.64808654785156,
          -38.718814849853516
        ]
      },
      "properties": {
        "id": "G1-20260427-0009",
        "nombre": "Señalética Vial",
        "fecha": "2026-04-27",
        "fecha_display": "27/4/2026",
        "hora": "12:39",
        "cuadrilla": "GRUPO 1",
        "tipo": "Mantención de Señalética",
        "foto_antes": "Datos Grupos Terreno/Chat de WhatsApp con G1 acrilica Fernando  Pedro G/IMG-20260427-WA0094.jpg",
        "foto_despues": "Datos Grupos Terreno/Chat de WhatsApp con G1 acrilica Fernando  Pedro G/IMG-20260427-WA0110.jpg",
        "nombre_foto_antes": "IMG-20260427-WA0094.jpg",
        "nombre_foto_despues": "IMG-20260427-WA0110.jpg",
        "total_fotos": 9,
        "observaciones": ""
      }
    },
    {
      "type": "Feature",
      "geometry": {
        "type": "Point",
        "coordinates": [
          -72.5918197631836,
          -38.738460540771484
        ]
      },
      "properties": {
        "id": "G1-20260427-0010",
        "nombre": "Señalética Vial",
        "fecha": "2026-04-27",
        "fecha_display": "27/4/2026",
        "hora": "15:10",
        "cuadrilla": "GRUPO 1",
        "tipo": "Mantención de Señalética",
        "foto_antes": "Datos Grupos Terreno/Chat de WhatsApp con G1 acrilica Fernando  Pedro G/IMG-20260427-WA0119.jpg",
        "foto_despues": "",
        "nombre_foto_antes": "IMG-20260427-WA0119.jpg",
        "nombre_foto_despues": "",
        "total_fotos": 1,
        "observaciones": ""
      }
    },
    {
      "type": "Feature",
      "geometry": {
        "type": "Point",
        "coordinates": [
          -72.59355926513672,
          -38.73977279663086
        ]
      },
      "properties": {
        "id": "G1-20260427-0011",
        "nombre": "Señalética Vial",
        "fecha": "2026-04-27",
        "fecha_display": "27/4/2026",
        "hora": "15:29",
        "cuadrilla": "GRUPO 1",
        "tipo": "Mantención de Señalética",
        "foto_antes": "Datos Grupos Terreno/Chat de WhatsApp con G1 acrilica Fernando  Pedro G/IMG-20260427-WA0120.jpg",
        "foto_despues": "Datos Grupos Terreno/Chat de WhatsApp con G1 acrilica Fernando  Pedro G/IMG-20260427-WA0124.jpg",
        "nombre_foto_antes": "IMG-20260427-WA0120.jpg",
        "nombre_foto_despues": "IMG-20260427-WA0124.jpg",
        "total_fotos": 5,
        "observaciones": ""
      }
    },
    {
      "type": "Feature",
      "geometry": {
        "type": "Point",
        "coordinates": [
          -72.59352111816406,
          -38.73944091796875
        ]
      },
      "properties": {
        "id": "G1-20260427-0012",
        "nombre": "Señalética Vial",
        "fecha": "2026-04-27",
        "fecha_display": "27/4/2026",
        "hora": "15:45",
        "cuadrilla": "GRUPO 1",
        "tipo": "Mantención de Señalética",
        "foto_antes": "Datos Grupos Terreno/Chat de WhatsApp con G1 acrilica Fernando  Pedro G/IMG-20260427-WA0126.jpg",
        "foto_despues": "Datos Grupos Terreno/Chat de WhatsApp con G1 acrilica Fernando  Pedro G/IMG-20260427-WA0131.jpg",
        "nombre_foto_antes": "IMG-20260427-WA0126.jpg",
        "nombre_foto_despues": "IMG-20260427-WA0131.jpg",
        "total_fotos": 3,
        "observaciones": ""
      }
    },
    {
      "type": "Feature",
      "geometry": {
        "type": "Point",
        "coordinates": [
          -72.59314727783203,
          -38.73895263671875
        ]
      },
      "properties": {
        "id": "G1-20260427-0013",
        "nombre": "Señalética Vial",
        "fecha": "2026-04-27",
        "fecha_display": "27/4/2026",
        "hora": "15:55",
        "cuadrilla": "GRUPO 1",
        "tipo": "Mantención de Señalética",
        "foto_antes": "Datos Grupos Terreno/Chat de WhatsApp con G1 acrilica Fernando  Pedro G/IMG-20260427-WA0132.jpg",
        "foto_despues": "Datos Grupos Terreno/Chat de WhatsApp con G1 acrilica Fernando  Pedro G/IMG-20260427-WA0135.jpg",
        "nombre_foto_antes": "IMG-20260427-WA0132.jpg",
        "nombre_foto_despues": "IMG-20260427-WA0135.jpg",
        "total_fotos": 4,
        "observaciones": ""
      }
    },
    {
      "type": "Feature",
      "geometry": {
        "type": "Point",
        "coordinates": [
          -72.59317016601562,
          -38.739009857177734
        ]
      },
      "properties": {
        "id": "G1-20260427-0014",
        "nombre": "Señalética Vial",
        "fecha": "2026-04-27",
        "fecha_display": "27/4/2026",
        "hora": "16:05",
        "cuadrilla": "GRUPO 1",
        "tipo": "Mantención de Señalética",
        "foto_antes": "Datos Grupos Terreno/Chat de WhatsApp con G1 acrilica Fernando  Pedro G/IMG-20260427-WA0136.jpg",
        "foto_despues": "Datos Grupos Terreno/Chat de WhatsApp con G1 acrilica Fernando  Pedro G/IMG-20260427-WA0137.jpg",
        "nombre_foto_antes": "IMG-20260427-WA0136.jpg",
        "nombre_foto_despues": "IMG-20260427-WA0137.jpg",
        "total_fotos": 2,
        "observaciones": ""
      }
    },
    {
      "type": "Feature",
      "geometry": {
        "type": "Point",
        "coordinates": [
          -72.59204864501953,
          -38.73934555053711
        ]
      },
      "properties": {
        "id": "G1-20260427-0015",
        "nombre": "Señalética Vial",
        "fecha": "2026-04-27",
        "fecha_display": "27/4/2026",
        "hora": "16:10",
        "cuadrilla": "GRUPO 1",
        "tipo": "Mantención de Señalética",
        "foto_antes": "Datos Grupos Terreno/Chat de WhatsApp con G1 acrilica Fernando  Pedro G/IMG-20260427-WA0138.jpg",
        "foto_despues": "Datos Grupos Terreno/Chat de WhatsApp con G1 acrilica Fernando  Pedro G/IMG-20260427-WA0144.jpg",
        "nombre_foto_antes": "IMG-20260427-WA0138.jpg",
        "nombre_foto_despues": "IMG-20260427-WA0144.jpg",
        "total_fotos": 7,
        "observaciones": ""
      }
    },
    {
      "type": "Feature",
      "geometry": {
        "type": "Point",
        "coordinates": [
          -72.5920181274414,
          -38.7395133972168
        ]
      },
      "properties": {
        "id": "G1-20260427-0016",
        "nombre": "Señalética Vial",
        "fecha": "2026-04-27",
        "fecha_display": "27/4/2026",
        "hora": "16:29",
        "cuadrilla": "GRUPO 1",
        "tipo": "Mantención de Señalética",
        "foto_antes": "Datos Grupos Terreno/Chat de WhatsApp con G1 acrilica Fernando  Pedro G/IMG-20260427-WA0145.jpg",
        "foto_despues": "Datos Grupos Terreno/Chat de WhatsApp con G1 acrilica Fernando  Pedro G/IMG-20260427-WA0148.jpg",
        "nombre_foto_antes": "IMG-20260427-WA0145.jpg",
        "nombre_foto_despues": "IMG-20260427-WA0148.jpg",
        "total_fotos": 4,
        "observaciones": ""
      }
    },
    {
      "type": "Feature",
      "geometry": {
        "type": "Point",
        "coordinates": [
          -72.59228515625,
          -38.739810943603516
        ]
      },
      "properties": {
        "id": "G1-20260427-0017",
        "nombre": "Señalética Vial",
        "fecha": "2026-04-27",
        "fecha_display": "27/4/2026",
        "hora": "16:31",
        "cuadrilla": "GRUPO 1",
        "tipo": "Mantención de Señalética",
        "foto_antes": "Datos Grupos Terreno/Chat de WhatsApp con G1 acrilica Fernando  Pedro G/IMG-20260427-WA0149.jpg",
        "foto_despues": "Datos Grupos Terreno/Chat de WhatsApp con G1 acrilica Fernando  Pedro G/IMG-20260427-WA0150.jpg",
        "nombre_foto_antes": "IMG-20260427-WA0149.jpg",
        "nombre_foto_despues": "IMG-20260427-WA0150.jpg",
        "total_fotos": 2,
        "observaciones": ""
      }
    },
    {
      "type": "Feature",
      "geometry": {
        "type": "Point",
        "coordinates": [
          -72.59217834472656,
          -38.739959716796875
        ]
      },
      "properties": {
        "id": "G1-20260427-0018",
        "nombre": "Señalética Vial",
        "fecha": "2026-04-27",
        "fecha_display": "27/4/2026",
        "hora": "16:33",
        "cuadrilla": "GRUPO 1",
        "tipo": "Mantención de Señalética",
        "foto_antes": "Datos Grupos Terreno/Chat de WhatsApp con G1 acrilica Fernando  Pedro G/IMG-20260427-WA0151.jpg",
        "foto_despues": "Datos Grupos Terreno/Chat de WhatsApp con G1 acrilica Fernando  Pedro G/IMG-20260427-WA0155.jpg",
        "nombre_foto_antes": "IMG-20260427-WA0151.jpg",
        "nombre_foto_despues": "IMG-20260427-WA0155.jpg",
        "total_fotos": 5,
        "observaciones": ""
      }
    },
    {
      "type": "Feature",
      "geometry": {
        "type": "Point",
        "coordinates": [
          -72.59305572509766,
          -38.740108489990234
        ]
      },
      "properties": {
        "id": "G1-20260427-0019",
        "nombre": "Señalética Vial",
        "fecha": "2026-04-27",
        "fecha_display": "27/4/2026",
        "hora": "16:47",
        "cuadrilla": "GRUPO 1",
        "tipo": "Mantención de Señalética",
        "foto_antes": "Datos Grupos Terreno/Chat de WhatsApp con G1 acrilica Fernando  Pedro G/IMG-20260427-WA0156.jpg",
        "foto_despues": "Datos Grupos Terreno/Chat de WhatsApp con G1 acrilica Fernando  Pedro G/IMG-20260427-WA0159.jpg",
        "nombre_foto_antes": "IMG-20260427-WA0156.jpg",
        "nombre_foto_despues": "IMG-20260427-WA0159.jpg",
        "total_fotos": 4,
        "observaciones": ""
      }
    },
    {
      "type": "Feature",
      "geometry": {
        "type": "Point",
        "coordinates": [
          -72.59247589111328,
          -38.74020767211914
        ]
      },
      "properties": {
        "id": "G1-20260427-0020",
        "nombre": "Señalética Vial",
        "fecha": "2026-04-27",
        "fecha_display": "27/4/2026",
        "hora": "16:49",
        "cuadrilla": "GRUPO 1",
        "tipo": "Mantención de Señalética",
        "foto_antes": "Datos Grupos Terreno/Chat de WhatsApp con G1 acrilica Fernando  Pedro G/IMG-20260427-WA0160.jpg",
        "foto_despues": "Datos Grupos Terreno/Chat de WhatsApp con G1 acrilica Fernando  Pedro G/IMG-20260427-WA0163.jpg",
        "nombre_foto_antes": "IMG-20260427-WA0160.jpg",
        "nombre_foto_despues": "IMG-20260427-WA0163.jpg",
        "total_fotos": 4,
        "observaciones": ""
      }
    },
    {
      "type": "Feature",
      "geometry": {
        "type": "Point",
        "coordinates": [
          -72.59324645996094,
          -38.740013122558594
        ]
      },
      "properties": {
        "id": "G1-20260427-0021",
        "nombre": "Señalética Vial",
        "fecha": "2026-04-27",
        "fecha_display": "27/4/2026",
        "hora": "16:51",
        "cuadrilla": "GRUPO 1",
        "tipo": "Mantención de Señalética",
        "foto_antes": "Datos Grupos Terreno/Chat de WhatsApp con G1 acrilica Fernando  Pedro G/IMG-20260427-WA0164.jpg",
        "foto_despues": "Datos Grupos Terreno/Chat de WhatsApp con G1 acrilica Fernando  Pedro G/IMG-20260427-WA0167.jpg",
        "nombre_foto_antes": "IMG-20260427-WA0164.jpg",
        "nombre_foto_despues": "IMG-20260427-WA0167.jpg",
        "total_fotos": 4,
        "observaciones": ""
      }
    },
    {
      "type": "Feature",
      "geometry": {
        "type": "Point",
        "coordinates": [
          -72.59380340576172,
          -38.739994049072266
        ]
      },
      "properties": {
        "id": "G1-20260427-0022",
        "nombre": "Señalética Vial",
        "fecha": "2026-04-27",
        "fecha_display": "27/4/2026",
        "hora": "16:54",
        "cuadrilla": "GRUPO 1",
        "tipo": "Mantención de Señalética",
        "foto_antes": "Datos Grupos Terreno/Chat de WhatsApp con G1 acrilica Fernando  Pedro G/IMG-20260427-WA0168.jpg",
        "foto_despues": "Datos Grupos Terreno/Chat de WhatsApp con G1 acrilica Fernando  Pedro G/IMG-20260427-WA0172.jpg",
        "nombre_foto_antes": "IMG-20260427-WA0168.jpg",
        "nombre_foto_despues": "IMG-20260427-WA0172.jpg",
        "total_fotos": 5,
        "observaciones": ""
      }
    },
    {
      "type": "Feature",
      "geometry": {
        "type": "Point",
        "coordinates": [
          -72.59439849853516,
          -38.73992919921875
        ]
      },
      "properties": {
        "id": "G1-20260427-0023",
        "nombre": "Señalética Vial",
        "fecha": "2026-04-27",
        "fecha_display": "27/4/2026",
        "hora": "16:57",
        "cuadrilla": "GRUPO 1",
        "tipo": "Mantención de Señalética",
        "foto_antes": "Datos Grupos Terreno/Chat de WhatsApp con G1 acrilica Fernando  Pedro G/IMG-20260427-WA0173.jpg",
        "foto_despues": "Datos Grupos Terreno/Chat de WhatsApp con G1 acrilica Fernando  Pedro G/IMG-20260427-WA0176.jpg",
        "nombre_foto_antes": "IMG-20260427-WA0173.jpg",
        "nombre_foto_despues": "IMG-20260427-WA0176.jpg",
        "total_fotos": 3,
        "observaciones": ""
      }
    },
    {
      "type": "Feature",
      "geometry": {
        "type": "Point",
        "coordinates": [
          -72.59534454345703,
          -38.73971176147461
        ]
      },
      "properties": {
        "id": "G1-20260427-0024",
        "nombre": "Señalética Vial",
        "fecha": "2026-04-27",
        "fecha_display": "27/4/2026",
        "hora": "17:21",
        "cuadrilla": "GRUPO 1",
        "tipo": "Mantención de Señalética",
        "foto_antes": "Datos Grupos Terreno/Chat de WhatsApp con G1 acrilica Fernando  Pedro G/IMG-20260427-WA0178.jpg",
        "foto_despues": "Datos Grupos Terreno/Chat de WhatsApp con G1 acrilica Fernando  Pedro G/IMG-20260427-WA0179.jpg",
        "nombre_foto_antes": "IMG-20260427-WA0178.jpg",
        "nombre_foto_despues": "IMG-20260427-WA0179.jpg",
        "total_fotos": 2,
        "observaciones": ""
      }
    },
    {
      "type": "Feature",
      "geometry": {
        "type": "Point",
        "coordinates": [
          -72.59654998779297,
          -38.739559173583984
        ]
      },
      "properties": {
        "id": "G1-20260427-0025",
        "nombre": "Señalética Vial",
        "fecha": "2026-04-27",
        "fecha_display": "27/4/2026",
        "hora": "17:31",
        "cuadrilla": "GRUPO 1",
        "tipo": "Mantención de Señalética",
        "foto_antes": "",
        "foto_despues": "",
        "nombre_foto_antes": "",
        "nombre_foto_despues": "",
        "total_fotos": 0,
        "observaciones": ""
      }
    },
    {
      "type": "Feature",
      "geometry": {
        "type": "Point",
        "coordinates": [
          -72.59685516357422,
          -38.739410400390625
        ]
      },
      "properties": {
        "id": "G1-20260427-0026",
        "nombre": "Señalética Vial",
        "fecha": "2026-04-27",
        "fecha_display": "27/4/2026",
        "hora": "17:34",
        "cuadrilla": "GRUPO 1",
        "tipo": "Mantención de Señalética",
        "foto_antes": "Datos Grupos Terreno/Chat de WhatsApp con G1 acrilica Fernando  Pedro G/IMG-20260427-WA0180.jpg",
        "foto_despues": "Datos Grupos Terreno/Chat de WhatsApp con G1 acrilica Fernando  Pedro G/IMG-20260427-WA0183.jpg",
        "nombre_foto_antes": "IMG-20260427-WA0180.jpg",
        "nombre_foto_despues": "IMG-20260427-WA0183.jpg",
        "total_fotos": 3,
        "observaciones": ""
      }
    },
    {
      "type": "Feature",
      "geometry": {
        "type": "Point",
        "coordinates": [
          -72.59711456298828,
          -38.73939895629883
        ]
      },
      "properties": {
        "id": "G1-20260427-0027",
        "nombre": "Señalética Vial",
        "fecha": "2026-04-27",
        "fecha_display": "27/4/2026",
        "hora": "17:37",
        "cuadrilla": "GRUPO 1",
        "tipo": "Mantención de Señalética",
        "foto_antes": "Datos Grupos Terreno/Chat de WhatsApp con G1 acrilica Fernando  Pedro G/IMG-20260427-WA0187.jpg",
        "foto_despues": "Datos Grupos Terreno/Chat de WhatsApp con G1 acrilica Fernando  Pedro G/IMG-20260427-WA0186.jpg",
        "nombre_foto_antes": "IMG-20260427-WA0187.jpg",
        "nombre_foto_despues": "IMG-20260427-WA0186.jpg",
        "total_fotos": 4,
        "observaciones": ""
      }
    },
    {
      "type": "Feature",
      "geometry": {
        "type": "Point",
        "coordinates": [
          -72.59715270996094,
          -38.73952102661133
        ]
      },
      "properties": {
        "id": "G1-20260427-0028",
        "nombre": "Señalética Vial",
        "fecha": "2026-04-27",
        "fecha_display": "27/4/2026",
        "hora": "17:44",
        "cuadrilla": "GRUPO 1",
        "tipo": "Mantención de Señalética",
        "foto_antes": "Datos Grupos Terreno/Chat de WhatsApp con G1 acrilica Fernando  Pedro G/IMG-20260427-WA0190.jpg",
        "foto_despues": "",
        "nombre_foto_antes": "IMG-20260427-WA0190.jpg",
        "nombre_foto_despues": "",
        "total_fotos": 1,
        "observaciones": ""
      }
    },
    {
      "type": "Feature",
      "geometry": {
        "type": "Point",
        "coordinates": [
          -72.59905242919922,
          -38.73935317993164
        ]
      },
      "properties": {
        "id": "G1-20260427-0029",
        "nombre": "Señalética Vial",
        "fecha": "2026-04-27",
        "fecha_display": "27/4/2026",
        "hora": "17:45",
        "cuadrilla": "GRUPO 1",
        "tipo": "Mantención de Señalética",
        "foto_antes": "Datos Grupos Terreno/Chat de WhatsApp con G1 acrilica Fernando  Pedro G/IMG-20260427-WA0191.jpg",
        "foto_despues": "Datos Grupos Terreno/Chat de WhatsApp con G1 acrilica Fernando  Pedro G/IMG-20260427-WA0192.jpg",
        "nombre_foto_antes": "IMG-20260427-WA0191.jpg",
        "nombre_foto_despues": "IMG-20260427-WA0192.jpg",
        "total_fotos": 2,
        "observaciones": ""
      }
    },
    {
      "type": "Feature",
      "geometry": {
        "type": "Point",
        "coordinates": [
          -72.59933471679688,
          -38.739166259765625
        ]
      },
      "properties": {
        "id": "G1-20260427-0030",
        "nombre": "Señalética Vial",
        "fecha": "2026-04-27",
        "fecha_display": "27/4/2026",
        "hora": "17:47",
        "cuadrilla": "GRUPO 1",
        "tipo": "Mantención de Señalética",
        "foto_antes": "Datos Grupos Terreno/Chat de WhatsApp con G1 acrilica Fernando  Pedro G/IMG-20260427-WA0193.jpg",
        "foto_despues": "Datos Grupos Terreno/Chat de WhatsApp con G1 acrilica Fernando  Pedro G/IMG-20260427-WA0195.jpg",
        "nombre_foto_antes": "IMG-20260427-WA0193.jpg",
        "nombre_foto_despues": "IMG-20260427-WA0195.jpg",
        "total_fotos": 3,
        "observaciones": ""
      }
    },
    {
      "type": "Feature",
      "geometry": {
        "type": "Point",
        "coordinates": [
          -72.59931945800781,
          -38.7391357421875
        ]
      },
      "properties": {
        "id": "G1-20260427-0031",
        "nombre": "Señalética Vial",
        "fecha": "2026-04-27",
        "fecha_display": "27/4/2026",
        "hora": "17:50",
        "cuadrilla": "GRUPO 1",
        "tipo": "Mantención de Señalética",
        "foto_antes": "",
        "foto_despues": "",
        "nombre_foto_antes": "",
        "nombre_foto_despues": "",
        "total_fotos": 0,
        "observaciones": ""
      }
    },
    {
      "type": "Feature",
      "geometry": {
        "type": "Point",
        "coordinates": [
          -72.5969467163086,
          -38.73847198486328
        ]
      },
      "properties": {
        "id": "G1-20260428-0032",
        "nombre": "Señalética Vial",
        "fecha": "2026-04-28",
        "fecha_display": "28/4/2026",
        "hora": "05:48",
        "cuadrilla": "GRUPO 1",
        "tipo": "Mantención de Señalética",
        "foto_antes": "Datos Grupos Terreno/Chat de WhatsApp con G1 acrilica Fernando  Pedro G/IMG-20260428-WA0007.jpg",
        "foto_despues": "Datos Grupos Terreno/Chat de WhatsApp con G1 acrilica Fernando  Pedro G/IMG-20260428-WA0020.jpg",
        "nombre_foto_antes": "IMG-20260428-WA0007.jpg",
        "nombre_foto_despues": "IMG-20260428-WA0020.jpg",
        "total_fotos": 8,
        "observaciones": ""
      }
    },
    {
      "type": "Feature",
      "geometry": {
        "type": "Point",
        "coordinates": [
          -72.5969615,
          -38.738498
        ]
      },
      "properties": {
        "id": "G1-20260428-0033",
        "nombre": "Señalética Vial",
        "fecha": "2026-04-28",
        "fecha_display": "28/4/2026",
        "hora": "08:55",
        "cuadrilla": "GRUPO 1",
        "tipo": "Mantención de Señalética",
        "foto_antes": "Datos Grupos Terreno/Chat de WhatsApp con G1 acrilica Fernando  Pedro G/IMG-20260428-WA0021.jpg",
        "foto_despues": "Datos Grupos Terreno/Chat de WhatsApp con G1 acrilica Fernando  Pedro G/IMG-20260428-WA0037.jpg",
        "nombre_foto_antes": "IMG-20260428-WA0021.jpg",
        "nombre_foto_despues": "IMG-20260428-WA0037.jpg",
        "total_fotos": 12,
        "observaciones": ""
      }
    },
    {
      "type": "Feature",
      "geometry": {
        "type": "Point",
        "coordinates": [
          -72.59674835205078,
          -38.73845291137695
        ]
      },
      "properties": {
        "id": "G1-20260428-0034",
        "nombre": "Señalética Vial",
        "fecha": "2026-04-28",
        "fecha_display": "28/4/2026",
        "hora": "09:15",
        "cuadrilla": "GRUPO 1",
        "tipo": "Mantención de Señalética",
        "foto_antes": "Datos Grupos Terreno/Chat de WhatsApp con G1 acrilica Fernando  Pedro G/IMG-20260428-WA0038.jpg",
        "foto_despues": "Datos Grupos Terreno/Chat de WhatsApp con G1 acrilica Fernando  Pedro G/IMG-20260428-WA0039.jpg",
        "nombre_foto_antes": "IMG-20260428-WA0038.jpg",
        "nombre_foto_despues": "IMG-20260428-WA0039.jpg",
        "total_fotos": 2,
        "observaciones": ""
      }
    },
    {
      "type": "Feature",
      "geometry": {
        "type": "Point",
        "coordinates": [
          -72.59587097167969,
          -38.738643646240234
        ]
      },
      "properties": {
        "id": "G1-20260428-0035",
        "nombre": "Señalética Vial",
        "fecha": "2026-04-28",
        "fecha_display": "28/4/2026",
        "hora": "09:16",
        "cuadrilla": "GRUPO 1",
        "tipo": "Mantención de Señalética",
        "foto_antes": "Datos Grupos Terreno/Chat de WhatsApp con G1 acrilica Fernando  Pedro G/IMG-20260428-WA0043.jpg",
        "foto_despues": "Datos Grupos Terreno/Chat de WhatsApp con G1 acrilica Fernando  Pedro G/IMG-20260428-WA0048.jpg",
        "nombre_foto_antes": "IMG-20260428-WA0043.jpg",
        "nombre_foto_despues": "IMG-20260428-WA0048.jpg",
        "total_fotos": 5,
        "observaciones": ""
      }
    },
    {
      "type": "Feature",
      "geometry": {
        "type": "Point",
        "coordinates": [
          -72.59557342529297,
          -38.73859786987305
        ]
      },
      "properties": {
        "id": "G1-20260428-0036",
        "nombre": "Señalética Vial",
        "fecha": "2026-04-28",
        "fecha_display": "28/4/2026",
        "hora": "09:24",
        "cuadrilla": "GRUPO 1",
        "tipo": "Mantención de Señalética",
        "foto_antes": "Datos Grupos Terreno/Chat de WhatsApp con G1 acrilica Fernando  Pedro G/IMG-20260428-WA0049.jpg",
        "foto_despues": "Datos Grupos Terreno/Chat de WhatsApp con G1 acrilica Fernando  Pedro G/IMG-20260428-WA0054.jpg",
        "nombre_foto_antes": "IMG-20260428-WA0049.jpg",
        "nombre_foto_despues": "IMG-20260428-WA0054.jpg",
        "total_fotos": 5,
        "observaciones": ""
      }
    },
    {
      "type": "Feature",
      "geometry": {
        "type": "Point",
        "coordinates": [
          -72.5951156616211,
          -38.73874282836914
        ]
      },
      "properties": {
        "id": "G1-20260428-0037",
        "nombre": "Señalética Vial",
        "fecha": "2026-04-28",
        "fecha_display": "28/4/2026",
        "hora": "09:29",
        "cuadrilla": "GRUPO 1",
        "tipo": "Mantención de Señalética",
        "foto_antes": "Datos Grupos Terreno/Chat de WhatsApp con G1 acrilica Fernando  Pedro G/IMG-20260428-WA0055.jpg",
        "foto_despues": "Datos Grupos Terreno/Chat de WhatsApp con G1 acrilica Fernando  Pedro G/IMG-20260428-WA0056.jpg",
        "nombre_foto_antes": "IMG-20260428-WA0055.jpg",
        "nombre_foto_despues": "IMG-20260428-WA0056.jpg",
        "total_fotos": 2,
        "observaciones": ""
      }
    },
    {
      "type": "Feature",
      "geometry": {
        "type": "Point",
        "coordinates": [
          -72.59362030029297,
          -38.73897171020508
        ]
      },
      "properties": {
        "id": "G1-20260428-0038",
        "nombre": "Señalética Vial",
        "fecha": "2026-04-28",
        "fecha_display": "28/4/2026",
        "hora": "09:30",
        "cuadrilla": "GRUPO 1",
        "tipo": "Mantención de Señalética",
        "foto_antes": "Datos Grupos Terreno/Chat de WhatsApp con G1 acrilica Fernando  Pedro G/IMG-20260428-WA0057.jpg",
        "foto_despues": "Datos Grupos Terreno/Chat de WhatsApp con G1 acrilica Fernando  Pedro G/IMG-20260428-WA0064.jpg",
        "nombre_foto_antes": "IMG-20260428-WA0057.jpg",
        "nombre_foto_despues": "IMG-20260428-WA0064.jpg",
        "total_fotos": 6,
        "observaciones": ""
      }
    },
    {
      "type": "Feature",
      "geometry": {
        "type": "Point",
        "coordinates": [
          -72.59607696533203,
          -38.73944854736328
        ]
      },
      "properties": {
        "id": "G1-20260428-0039",
        "nombre": "Señalética Vial",
        "fecha": "2026-04-28",
        "fecha_display": "28/4/2026",
        "hora": "09:42",
        "cuadrilla": "GRUPO 1",
        "tipo": "Mantención de Señalética",
        "foto_antes": "Datos Grupos Terreno/Chat de WhatsApp con G1 acrilica Fernando  Pedro G/IMG-20260428-WA0065.jpg",
        "foto_despues": "Datos Grupos Terreno/Chat de WhatsApp con G1 acrilica Fernando  Pedro G/IMG-20260428-WA0069.jpg",
        "nombre_foto_antes": "IMG-20260428-WA0065.jpg",
        "nombre_foto_despues": "IMG-20260428-WA0069.jpg",
        "total_fotos": 5,
        "observaciones": ""
      }
    },
    {
      "type": "Feature",
      "geometry": {
        "type": "Point",
        "coordinates": [
          -72.59584045410156,
          -38.73866653442383
        ]
      },
      "properties": {
        "id": "G1-20260428-0040",
        "nombre": "Señalética Vial",
        "fecha": "2026-04-28",
        "fecha_display": "28/4/2026",
        "hora": "09:54",
        "cuadrilla": "GRUPO 1",
        "tipo": "Mantención de Señalética",
        "foto_antes": "Datos Grupos Terreno/Chat de WhatsApp con G1 acrilica Fernando  Pedro G/IMG-20260428-WA0070.jpg",
        "foto_despues": "Datos Grupos Terreno/Chat de WhatsApp con G1 acrilica Fernando  Pedro G/IMG-20260428-WA0081.jpg",
        "nombre_foto_antes": "IMG-20260428-WA0070.jpg",
        "nombre_foto_despues": "IMG-20260428-WA0081.jpg",
        "total_fotos": 7,
        "observaciones": ""
      }
    },
    {
      "type": "Feature",
      "geometry": {
        "type": "Point",
        "coordinates": [
          -72.59471893310547,
          -38.739105224609375
        ]
      },
      "properties": {
        "id": "G1-20260428-0041",
        "nombre": "Señalética Vial",
        "fecha": "2026-04-28",
        "fecha_display": "28/4/2026",
        "hora": "10:12",
        "cuadrilla": "GRUPO 1",
        "tipo": "Mantención de Señalética",
        "foto_antes": "Datos Grupos Terreno/Chat de WhatsApp con G1 acrilica Fernando  Pedro G/IMG-20260428-WA0084.jpg",
        "foto_despues": "Datos Grupos Terreno/Chat de WhatsApp con G1 acrilica Fernando  Pedro G/IMG-20260428-WA0082.jpg",
        "nombre_foto_antes": "IMG-20260428-WA0084.jpg",
        "nombre_foto_despues": "IMG-20260428-WA0082.jpg",
        "total_fotos": 2,
        "observaciones": ""
      }
    },
    {
      "type": "Feature",
      "geometry": {
        "type": "Point",
        "coordinates": [
          -72.5947888,
          -38.7394677
        ]
      },
      "properties": {
        "id": "G1-20260428-0042",
        "nombre": "Señalética Vial",
        "fecha": "2026-04-28",
        "fecha_display": "28/4/2026",
        "hora": "10:16",
        "cuadrilla": "GRUPO 1",
        "tipo": "Mantención de Señalética",
        "foto_antes": "Datos Grupos Terreno/Chat de WhatsApp con G1 acrilica Fernando  Pedro G/IMG-20260428-WA0085.jpg",
        "foto_despues": "Datos Grupos Terreno/Chat de WhatsApp con G1 acrilica Fernando  Pedro G/IMG-20260428-WA0089.jpg",
        "nombre_foto_antes": "IMG-20260428-WA0085.jpg",
        "nombre_foto_despues": "IMG-20260428-WA0089.jpg",
        "total_fotos": 3,
        "observaciones": ""
      }
    },
    {
      "type": "Feature",
      "geometry": {
        "type": "Point",
        "coordinates": [
          -72.5986557006836,
          -38.73869705200195
        ]
      },
      "properties": {
        "id": "G1-20260428-0043",
        "nombre": "Señalética Vial",
        "fecha": "2026-04-28",
        "fecha_display": "28/4/2026",
        "hora": "10:27",
        "cuadrilla": "GRUPO 1",
        "tipo": "Mantención de Señalética",
        "foto_antes": "Datos Grupos Terreno/Chat de WhatsApp con G1 acrilica Fernando  Pedro G/IMG-20260428-WA0090.jpg",
        "foto_despues": "Datos Grupos Terreno/Chat de WhatsApp con G1 acrilica Fernando  Pedro G/IMG-20260428-WA0091.jpg",
        "nombre_foto_antes": "IMG-20260428-WA0090.jpg",
        "nombre_foto_despues": "IMG-20260428-WA0091.jpg",
        "total_fotos": 2,
        "observaciones": ""
      }
    },
    {
      "type": "Feature",
      "geometry": {
        "type": "Point",
        "coordinates": [
          -72.5985024,
          -38.7385593
        ]
      },
      "properties": {
        "id": "G1-20260428-0044",
        "nombre": "Señalética Vial",
        "fecha": "2026-04-28",
        "fecha_display": "28/4/2026",
        "hora": "10:27",
        "cuadrilla": "GRUPO 1",
        "tipo": "Mantención de Señalética",
        "foto_antes": "Datos Grupos Terreno/Chat de WhatsApp con G1 acrilica Fernando  Pedro G/IMG-20260428-WA0092.jpg",
        "foto_despues": "Datos Grupos Terreno/Chat de WhatsApp con G1 acrilica Fernando  Pedro G/IMG-20260428-WA0121.jpg",
        "nombre_foto_antes": "IMG-20260428-WA0092.jpg",
        "nombre_foto_despues": "IMG-20260428-WA0121.jpg",
        "total_fotos": 11,
        "observaciones": ""
      }
    },
    {
      "type": "Feature",
      "geometry": {
        "type": "Point",
        "coordinates": [
          -72.58489990234375,
          -38.741172790527344
        ]
      },
      "properties": {
        "id": "G1-20260428-0045",
        "nombre": "Señalética Vial",
        "fecha": "2026-04-28",
        "fecha_display": "28/4/2026",
        "hora": "11:24",
        "cuadrilla": "GRUPO 1",
        "tipo": "Mantención de Señalética",
        "foto_antes": "Datos Grupos Terreno/Chat de WhatsApp con G1 acrilica Fernando  Pedro G/IMG-20260428-WA0122.jpg",
        "foto_despues": "Datos Grupos Terreno/Chat de WhatsApp con G1 acrilica Fernando  Pedro G/IMG-20260428-WA0123.jpg",
        "nombre_foto_antes": "IMG-20260428-WA0122.jpg",
        "nombre_foto_despues": "IMG-20260428-WA0123.jpg",
        "total_fotos": 2,
        "observaciones": ""
      }
    },
    {
      "type": "Feature",
      "geometry": {
        "type": "Point",
        "coordinates": [
          -72.5856058,
          -38.7410843
        ]
      },
      "properties": {
        "id": "G1-20260428-0046",
        "nombre": "Señalética Vial",
        "fecha": "2026-04-28",
        "fecha_display": "28/4/2026",
        "hora": "11:25",
        "cuadrilla": "GRUPO 1",
        "tipo": "Mantención de Señalética",
        "foto_antes": "Datos Grupos Terreno/Chat de WhatsApp con G1 acrilica Fernando  Pedro G/IMG-20260428-WA0124.jpg",
        "foto_despues": "",
        "nombre_foto_antes": "IMG-20260428-WA0124.jpg",
        "nombre_foto_despues": "",
        "total_fotos": 1,
        "observaciones": ""
      }
    },
    {
      "type": "Feature",
      "geometry": {
        "type": "Point",
        "coordinates": [
          -72.5848159790039,
          -38.74123001098633
        ]
      },
      "properties": {
        "id": "G1-20260428-0047",
        "nombre": "Señalética Vial",
        "fecha": "2026-04-28",
        "fecha_display": "28/4/2026",
        "hora": "11:28",
        "cuadrilla": "GRUPO 1",
        "tipo": "Mantención de Señalética",
        "foto_antes": "Datos Grupos Terreno/Chat de WhatsApp con G1 acrilica Fernando  Pedro G/IMG-20260428-WA0126.jpg",
        "foto_despues": "Datos Grupos Terreno/Chat de WhatsApp con G1 acrilica Fernando  Pedro G/IMG-20260428-WA0129.jpg",
        "nombre_foto_antes": "IMG-20260428-WA0126.jpg",
        "nombre_foto_despues": "IMG-20260428-WA0129.jpg",
        "total_fotos": 4,
        "observaciones": ""
      }
    },
    {
      "type": "Feature",
      "geometry": {
        "type": "Point",
        "coordinates": [
          -72.58598327636719,
          -38.741111755371094
        ]
      },
      "properties": {
        "id": "G1-20260428-0048",
        "nombre": "Señalética Vial",
        "fecha": "2026-04-28",
        "fecha_display": "28/4/2026",
        "hora": "11:33",
        "cuadrilla": "GRUPO 1",
        "tipo": "Mantención de Señalética",
        "foto_antes": "Datos Grupos Terreno/Chat de WhatsApp con G1 acrilica Fernando  Pedro G/IMG-20260428-WA0130.jpg",
        "foto_despues": "",
        "nombre_foto_antes": "IMG-20260428-WA0130.jpg",
        "nombre_foto_despues": "",
        "total_fotos": 1,
        "observaciones": ""
      }
    },
    {
      "type": "Feature",
      "geometry": {
        "type": "Point",
        "coordinates": [
          -72.5867404,
          -38.7409782
        ]
      },
      "properties": {
        "id": "G1-20260428-0049",
        "nombre": "Señalética Vial",
        "fecha": "2026-04-28",
        "fecha_display": "28/4/2026",
        "hora": "11:36",
        "cuadrilla": "GRUPO 1",
        "tipo": "Mantención de Señalética",
        "foto_antes": "Datos Grupos Terreno/Chat de WhatsApp con G1 acrilica Fernando  Pedro G/IMG-20260428-WA0132.jpg",
        "foto_despues": "Datos Grupos Terreno/Chat de WhatsApp con G1 acrilica Fernando  Pedro G/IMG-20260428-WA0137.jpg",
        "nombre_foto_antes": "IMG-20260428-WA0132.jpg",
        "nombre_foto_despues": "IMG-20260428-WA0137.jpg",
        "total_fotos": 4,
        "observaciones": ""
      }
    },
    {
      "type": "Feature",
      "geometry": {
        "type": "Point",
        "coordinates": [
          -72.58747100830078,
          -38.74091339111328
        ]
      },
      "properties": {
        "id": "G1-20260428-0050",
        "nombre": "Señalética Vial",
        "fecha": "2026-04-28",
        "fecha_display": "28/4/2026",
        "hora": "11:57",
        "cuadrilla": "GRUPO 1",
        "tipo": "Mantención de Señalética",
        "foto_antes": "Datos Grupos Terreno/Chat de WhatsApp con G1 acrilica Fernando  Pedro G/IMG-20260428-WA0138.jpg",
        "foto_despues": "",
        "nombre_foto_antes": "IMG-20260428-WA0138.jpg",
        "nombre_foto_despues": "",
        "total_fotos": 1,
        "observaciones": ""
      }
    },
    {
      "type": "Feature",
      "geometry": {
        "type": "Point",
        "coordinates": [
          -72.58787536621094,
          -38.74083709716797
        ]
      },
      "properties": {
        "id": "G1-20260428-0051",
        "nombre": "Señalética Vial",
        "fecha": "2026-04-28",
        "fecha_display": "28/4/2026",
        "hora": "11:59",
        "cuadrilla": "GRUPO 1",
        "tipo": "Mantención de Señalética",
        "foto_antes": "Datos Grupos Terreno/Chat de WhatsApp con G1 acrilica Fernando  Pedro G/IMG-20260428-WA0139.jpg",
        "foto_despues": "Datos Grupos Terreno/Chat de WhatsApp con G1 acrilica Fernando  Pedro G/IMG-20260428-WA0140.jpg",
        "nombre_foto_antes": "IMG-20260428-WA0139.jpg",
        "nombre_foto_despues": "IMG-20260428-WA0140.jpg",
        "total_fotos": 2,
        "observaciones": ""
      }
    },
    {
      "type": "Feature",
      "geometry": {
        "type": "Point",
        "coordinates": [
          -72.58795166015625,
          -38.74095153808594
        ]
      },
      "properties": {
        "id": "G1-20260428-0052",
        "nombre": "Señalética Vial",
        "fecha": "2026-04-28",
        "fecha_display": "28/4/2026",
        "hora": "12:00",
        "cuadrilla": "GRUPO 1",
        "tipo": "Mantención de Señalética",
        "foto_antes": "Datos Grupos Terreno/Chat de WhatsApp con G1 acrilica Fernando  Pedro G/IMG-20260428-WA0142.jpg",
        "foto_despues": "Datos Grupos Terreno/Chat de WhatsApp con G1 acrilica Fernando  Pedro G/IMG-20260428-WA0141.jpg",
        "nombre_foto_antes": "IMG-20260428-WA0142.jpg",
        "nombre_foto_despues": "IMG-20260428-WA0141.jpg",
        "total_fotos": 3,
        "observaciones": ""
      }
    },
    {
      "type": "Feature",
      "geometry": {
        "type": "Point",
        "coordinates": [
          -72.58811950683594,
          -38.74071502685547
        ]
      },
      "properties": {
        "id": "G1-20260428-0053",
        "nombre": "Señalética Vial",
        "fecha": "2026-04-28",
        "fecha_display": "28/4/2026",
        "hora": "12:11",
        "cuadrilla": "GRUPO 1",
        "tipo": "Mantención de Señalética",
        "foto_antes": "Datos Grupos Terreno/Chat de WhatsApp con G1 acrilica Fernando  Pedro G/IMG-20260428-WA0144.jpg",
        "foto_despues": "Datos Grupos Terreno/Chat de WhatsApp con G1 acrilica Fernando  Pedro G/IMG-20260428-WA0147.jpg",
        "nombre_foto_antes": "IMG-20260428-WA0144.jpg",
        "nombre_foto_despues": "IMG-20260428-WA0147.jpg",
        "total_fotos": 4,
        "observaciones": ""
      }
    },
    {
      "type": "Feature",
      "geometry": {
        "type": "Point",
        "coordinates": [
          -72.58848571777344,
          -38.7408447265625
        ]
      },
      "properties": {
        "id": "G1-20260428-0054",
        "nombre": "Señalética Vial",
        "fecha": "2026-04-28",
        "fecha_display": "28/4/2026",
        "hora": "12:22",
        "cuadrilla": "GRUPO 1",
        "tipo": "Mantención de Señalética",
        "foto_antes": "Datos Grupos Terreno/Chat de WhatsApp con G1 acrilica Fernando  Pedro G/IMG-20260428-WA0148.jpg",
        "foto_despues": "Datos Grupos Terreno/Chat de WhatsApp con G1 acrilica Fernando  Pedro G/IMG-20260428-WA0191.jpg",
        "nombre_foto_antes": "IMG-20260428-WA0148.jpg",
        "nombre_foto_despues": "IMG-20260428-WA0191.jpg",
        "total_fotos": 5,
        "observaciones": ""
      }
    },
    {
      "type": "Feature",
      "geometry": {
        "type": "Point",
        "coordinates": [
          -72.58924865722656,
          -38.74064636230469
        ]
      },
      "properties": {
        "id": "G1-20260428-0055",
        "nombre": "Señalética Vial",
        "fecha": "2026-04-28",
        "fecha_display": "28/4/2026",
        "hora": "14:37",
        "cuadrilla": "GRUPO 1",
        "tipo": "Mantención de Señalética",
        "foto_antes": "Datos Grupos Terreno/Chat de WhatsApp con G1 acrilica Fernando  Pedro G/IMG-20260428-WA0193.jpg",
        "foto_despues": "Datos Grupos Terreno/Chat de WhatsApp con G1 acrilica Fernando  Pedro G/IMG-20260428-WA0194.jpg",
        "nombre_foto_antes": "IMG-20260428-WA0193.jpg",
        "nombre_foto_despues": "IMG-20260428-WA0194.jpg",
        "total_fotos": 3,
        "observaciones": ""
      }
    },
    {
      "type": "Feature",
      "geometry": {
        "type": "Point",
        "coordinates": [
          -72.58905029296875,
          -38.74064636230469
        ]
      },
      "properties": {
        "id": "G1-20260428-0056",
        "nombre": "Señalética Vial",
        "fecha": "2026-04-28",
        "fecha_display": "28/4/2026",
        "hora": "14:43",
        "cuadrilla": "GRUPO 1",
        "tipo": "Mantención de Señalética",
        "foto_antes": "Datos Grupos Terreno/Chat de WhatsApp con G1 acrilica Fernando  Pedro G/IMG-20260428-WA0195.jpg",
        "foto_despues": "Datos Grupos Terreno/Chat de WhatsApp con G1 acrilica Fernando  Pedro G/IMG-20260428-WA0200.jpg",
        "nombre_foto_antes": "IMG-20260428-WA0195.jpg",
        "nombre_foto_despues": "IMG-20260428-WA0200.jpg",
        "total_fotos": 5,
        "observaciones": ""
      }
    },
    {
      "type": "Feature",
      "geometry": {
        "type": "Point",
        "coordinates": [
          -72.58873748779297,
          -38.740726470947266
        ]
      },
      "properties": {
        "id": "G1-20260428-0057",
        "nombre": "Señalética Vial",
        "fecha": "2026-04-28",
        "fecha_display": "28/4/2026",
        "hora": "14:47",
        "cuadrilla": "GRUPO 1",
        "tipo": "Mantención de Señalética",
        "foto_antes": "Datos Grupos Terreno/Chat de WhatsApp con G1 acrilica Fernando  Pedro G/IMG-20260428-WA0202.jpg",
        "foto_despues": "Datos Grupos Terreno/Chat de WhatsApp con G1 acrilica Fernando  Pedro G/IMG-20260428-WA0222.jpg",
        "nombre_foto_antes": "IMG-20260428-WA0202.jpg",
        "nombre_foto_despues": "IMG-20260428-WA0222.jpg",
        "total_fotos": 4,
        "observaciones": ""
      }
    },
    {
      "type": "Feature",
      "geometry": {
        "type": "Point",
        "coordinates": [
          -72.6074447631836,
          -38.735679626464844
        ]
      },
      "properties": {
        "id": "G1-20260428-0058",
        "nombre": "Señalética Vial",
        "fecha": "2026-04-28",
        "fecha_display": "28/4/2026",
        "hora": "15:33",
        "cuadrilla": "GRUPO 1",
        "tipo": "Mantención de Señalética",
        "foto_antes": "Datos Grupos Terreno/Chat de WhatsApp con G1 acrilica Fernando  Pedro G/IMG-20260428-WA0225.jpg",
        "foto_despues": "",
        "nombre_foto_antes": "IMG-20260428-WA0225.jpg",
        "nombre_foto_despues": "",
        "total_fotos": 1,
        "observaciones": ""
      }
    },
    {
      "type": "Feature",
      "geometry": {
        "type": "Point",
        "coordinates": [
          -72.60847473144531,
          -38.732818603515625
        ]
      },
      "properties": {
        "id": "G1-20260428-0059",
        "nombre": "Señalética Vial",
        "fecha": "2026-04-28",
        "fecha_display": "28/4/2026",
        "hora": "16:01",
        "cuadrilla": "GRUPO 1",
        "tipo": "Mantención de Señalética",
        "foto_antes": "Datos Grupos Terreno/Chat de WhatsApp con G1 acrilica Fernando  Pedro G/IMG-20260428-WA0229.jpg",
        "foto_despues": "Datos Grupos Terreno/Chat de WhatsApp con G1 acrilica Fernando  Pedro G/IMG-20260428-WA0234.jpg",
        "nombre_foto_antes": "IMG-20260428-WA0229.jpg",
        "nombre_foto_despues": "IMG-20260428-WA0234.jpg",
        "total_fotos": 4,
        "observaciones": ""
      }
    },
    {
      "type": "Feature",
      "geometry": {
        "type": "Point",
        "coordinates": [
          -72.58917236328125,
          -38.7396354675293
        ]
      },
      "properties": {
        "id": "G1-20260428-0060",
        "nombre": "Señalética Vial",
        "fecha": "2026-04-28",
        "fecha_display": "28/4/2026",
        "hora": "16:21",
        "cuadrilla": "GRUPO 1",
        "tipo": "Mantención de Señalética",
        "foto_antes": "Datos Grupos Terreno/Chat de WhatsApp con G1 acrilica Fernando  Pedro G/IMG-20260428-WA0235.jpg",
        "foto_despues": "Datos Grupos Terreno/Chat de WhatsApp con G1 acrilica Fernando  Pedro G/IMG-20260428-WA0236.jpg",
        "nombre_foto_antes": "IMG-20260428-WA0235.jpg",
        "nombre_foto_despues": "IMG-20260428-WA0236.jpg",
        "total_fotos": 2,
        "observaciones": ""
      }
    },
    {
      "type": "Feature",
      "geometry": {
        "type": "Point",
        "coordinates": [
          -72.5890133,
          -38.7394817
        ]
      },
      "properties": {
        "id": "G1-20260428-0061",
        "nombre": "Señalética Vial",
        "fecha": "2026-04-28",
        "fecha_display": "28/4/2026",
        "hora": "16:28",
        "cuadrilla": "GRUPO 1",
        "tipo": "Mantención de Señalética",
        "foto_antes": "Datos Grupos Terreno/Chat de WhatsApp con G1 acrilica Fernando  Pedro G/IMG-20260428-WA0237.jpg",
        "foto_despues": "Datos Grupos Terreno/Chat de WhatsApp con G1 acrilica Fernando  Pedro G/IMG-20260428-WA0239.jpg",
        "nombre_foto_antes": "IMG-20260428-WA0237.jpg",
        "nombre_foto_despues": "IMG-20260428-WA0239.jpg",
        "total_fotos": 3,
        "observaciones": ""
      }
    },
    {
      "type": "Feature",
      "geometry": {
        "type": "Point",
        "coordinates": [
          -72.58906555175781,
          -38.739627838134766
        ]
      },
      "properties": {
        "id": "G1-20260428-0062",
        "nombre": "Señalética Vial",
        "fecha": "2026-04-28",
        "fecha_display": "28/4/2026",
        "hora": "16:33",
        "cuadrilla": "GRUPO 1",
        "tipo": "Mantención de Señalética",
        "foto_antes": "Datos Grupos Terreno/Chat de WhatsApp con G1 acrilica Fernando  Pedro G/IMG-20260428-WA0243.jpg",
        "foto_despues": "Datos Grupos Terreno/Chat de WhatsApp con G1 acrilica Fernando  Pedro G/IMG-20260428-WA0244.jpg",
        "nombre_foto_antes": "IMG-20260428-WA0243.jpg",
        "nombre_foto_despues": "IMG-20260428-WA0244.jpg",
        "total_fotos": 2,
        "observaciones": ""
      }
    },
    {
      "type": "Feature",
      "geometry": {
        "type": "Point",
        "coordinates": [
          -72.58872985839844,
          -38.7397575378418
        ]
      },
      "properties": {
        "id": "G1-20260428-0063",
        "nombre": "Señalética Vial",
        "fecha": "2026-04-28",
        "fecha_display": "28/4/2026",
        "hora": "16:38",
        "cuadrilla": "GRUPO 1",
        "tipo": "Mantención de Señalética",
        "foto_antes": "Datos Grupos Terreno/Chat de WhatsApp con G1 acrilica Fernando  Pedro G/IMG-20260428-WA0248.jpg",
        "foto_despues": "",
        "nombre_foto_antes": "IMG-20260428-WA0248.jpg",
        "nombre_foto_despues": "",
        "total_fotos": 1,
        "observaciones": ""
      }
    },
    {
      "type": "Feature",
      "geometry": {
        "type": "Point",
        "coordinates": [
          -72.58851623535156,
          -38.739749908447266
        ]
      },
      "properties": {
        "id": "G1-20260429-0064",
        "nombre": "Señalética Vial",
        "fecha": "2026-04-29",
        "fecha_display": "29/4/2026",
        "hora": "11:37",
        "cuadrilla": "GRUPO 1",
        "tipo": "Mantención de Señalética",
        "foto_antes": "Datos Grupos Terreno/Chat de WhatsApp con G1 acrilica Fernando  Pedro G/IMG-20260429-WA0049.jpg",
        "foto_despues": "Datos Grupos Terreno/Chat de WhatsApp con G1 acrilica Fernando  Pedro G/IMG-20260429-WA0059.jpg",
        "nombre_foto_antes": "IMG-20260429-WA0049.jpg",
        "nombre_foto_despues": "IMG-20260429-WA0059.jpg",
        "total_fotos": 7,
        "observaciones": ""
      }
    },
    {
      "type": "Feature",
      "geometry": {
        "type": "Point",
        "coordinates": [
          -72.58837890625,
          -38.739681243896484
        ]
      },
      "properties": {
        "id": "G1-20260429-0065",
        "nombre": "Señalética Vial",
        "fecha": "2026-04-29",
        "fecha_display": "29/4/2026",
        "hora": "12:10",
        "cuadrilla": "GRUPO 1",
        "tipo": "Mantención de Señalética",
        "foto_antes": "Datos Grupos Terreno/Chat de WhatsApp con G1 acrilica Fernando  Pedro G/IMG-20260429-WA0067.jpg",
        "foto_despues": "",
        "nombre_foto_antes": "IMG-20260429-WA0067.jpg",
        "nombre_foto_despues": "",
        "total_fotos": 1,
        "observaciones": ""
      }
    },
    {
      "type": "Feature",
      "geometry": {
        "type": "Point",
        "coordinates": [
          -72.5883304,
          -38.7397826
        ]
      },
      "properties": {
        "id": "G1-20260429-0066",
        "nombre": "Señalética Vial",
        "fecha": "2026-04-29",
        "fecha_display": "29/4/2026",
        "hora": "12:20",
        "cuadrilla": "GRUPO 1",
        "tipo": "Mantención de Señalética",
        "foto_antes": "Datos Grupos Terreno/Chat de WhatsApp con G1 acrilica Fernando  Pedro G/IMG-20260429-WA0068.jpg",
        "foto_despues": "Datos Grupos Terreno/Chat de WhatsApp con G1 acrilica Fernando  Pedro G/IMG-20260429-WA0069.jpg",
        "nombre_foto_antes": "IMG-20260429-WA0068.jpg",
        "nombre_foto_despues": "IMG-20260429-WA0069.jpg",
        "total_fotos": 2,
        "observaciones": ""
      }
    },
    {
      "type": "Feature",
      "geometry": {
        "type": "Point",
        "coordinates": [
          -72.58854675292969,
          -38.73978042602539
        ]
      },
      "properties": {
        "id": "G1-20260429-0067",
        "nombre": "Señalética Vial",
        "fecha": "2026-04-29",
        "fecha_display": "29/4/2026",
        "hora": "12:31",
        "cuadrilla": "GRUPO 1",
        "tipo": "Mantención de Señalética",
        "foto_antes": "Datos Grupos Terreno/Chat de WhatsApp con G1 acrilica Fernando  Pedro G/IMG-20260429-WA0071.jpg",
        "foto_despues": "Datos Grupos Terreno/Chat de WhatsApp con G1 acrilica Fernando  Pedro G/IMG-20260429-WA0125.jpg",
        "nombre_foto_antes": "IMG-20260429-WA0071.jpg",
        "nombre_foto_despues": "IMG-20260429-WA0125.jpg",
        "total_fotos": 8,
        "observaciones": ""
      }
    },
    {
      "type": "Feature",
      "geometry": {
        "type": "Point",
        "coordinates": [
          -72.5877914428711,
          -38.73988342285156
        ]
      },
      "properties": {
        "id": "G1-20260429-0068",
        "nombre": "Señalética Vial",
        "fecha": "2026-04-29",
        "fecha_display": "29/4/2026",
        "hora": "16:28",
        "cuadrilla": "GRUPO 1",
        "tipo": "Mantención de Señalética",
        "foto_antes": "Datos Grupos Terreno/Chat de WhatsApp con G1 acrilica Fernando  Pedro G/IMG-20260429-WA0126.jpg",
        "foto_despues": "Datos Grupos Terreno/Chat de WhatsApp con G1 acrilica Fernando  Pedro G/IMG-20260429-WA0127.jpg",
        "nombre_foto_antes": "IMG-20260429-WA0126.jpg",
        "nombre_foto_despues": "IMG-20260429-WA0127.jpg",
        "total_fotos": 2,
        "observaciones": ""
      }
    },
    {
      "type": "Feature",
      "geometry": {
        "type": "Point",
        "coordinates": [
          -72.58794403076172,
          -38.73975372314453
        ]
      },
      "properties": {
        "id": "G1-20260429-0069",
        "nombre": "Señalética Vial",
        "fecha": "2026-04-29",
        "fecha_display": "29/4/2026",
        "hora": "16:32",
        "cuadrilla": "GRUPO 1",
        "tipo": "Mantención de Señalética",
        "foto_antes": "Datos Grupos Terreno/Chat de WhatsApp con G1 acrilica Fernando  Pedro G/IMG-20260429-WA0129.jpg",
        "foto_despues": "Datos Grupos Terreno/Chat de WhatsApp con G1 acrilica Fernando  Pedro G/IMG-20260429-WA0131.jpg",
        "nombre_foto_antes": "IMG-20260429-WA0129.jpg",
        "nombre_foto_despues": "IMG-20260429-WA0131.jpg",
        "total_fotos": 3,
        "observaciones": ""
      }
    },
    {
      "type": "Feature",
      "geometry": {
        "type": "Point",
        "coordinates": [
          -72.58777618408203,
          -38.739994049072266
        ]
      },
      "properties": {
        "id": "G1-20260429-0070",
        "nombre": "Señalética Vial",
        "fecha": "2026-04-29",
        "fecha_display": "29/4/2026",
        "hora": "16:34",
        "cuadrilla": "GRUPO 1",
        "tipo": "Mantención de Señalética",
        "foto_antes": "Datos Grupos Terreno/Chat de WhatsApp con G1 acrilica Fernando  Pedro G/IMG-20260429-WA0132.jpg",
        "foto_despues": "Datos Grupos Terreno/Chat de WhatsApp con G1 acrilica Fernando  Pedro G/IMG-20260429-WA0135.jpg",
        "nombre_foto_antes": "IMG-20260429-WA0132.jpg",
        "nombre_foto_despues": "IMG-20260429-WA0135.jpg",
        "total_fotos": 4,
        "observaciones": ""
      }
    },
    {
      "type": "Feature",
      "geometry": {
        "type": "Point",
        "coordinates": [
          -72.58755493164062,
          -38.739837646484375
        ]
      },
      "properties": {
        "id": "G1-20260429-0071",
        "nombre": "Señalética Vial",
        "fecha": "2026-04-29",
        "fecha_display": "29/4/2026",
        "hora": "16:44",
        "cuadrilla": "GRUPO 1",
        "tipo": "Mantención de Señalética",
        "foto_antes": "Datos Grupos Terreno/Chat de WhatsApp con G1 acrilica Fernando  Pedro G/IMG-20260429-WA0136.jpg",
        "foto_despues": "Datos Grupos Terreno/Chat de WhatsApp con G1 acrilica Fernando  Pedro G/IMG-20260429-WA0142.jpg",
        "nombre_foto_antes": "IMG-20260429-WA0136.jpg",
        "nombre_foto_despues": "IMG-20260429-WA0142.jpg",
        "total_fotos": 4,
        "observaciones": ""
      }
    },
    {
      "type": "Feature",
      "geometry": {
        "type": "Point",
        "coordinates": [
          -72.58723449707031,
          -38.740020751953125
        ]
      },
      "properties": {
        "id": "G1-20260429-0072",
        "nombre": "Señalética Vial",
        "fecha": "2026-04-29",
        "fecha_display": "29/4/2026",
        "hora": "16:49",
        "cuadrilla": "GRUPO 1",
        "tipo": "Mantención de Señalética",
        "foto_antes": "Datos Grupos Terreno/Chat de WhatsApp con G1 acrilica Fernando  Pedro G/IMG-20260429-WA0146.jpg",
        "foto_despues": "Datos Grupos Terreno/Chat de WhatsApp con G1 acrilica Fernando  Pedro G/IMG-20260429-WA0148.jpg",
        "nombre_foto_antes": "IMG-20260429-WA0146.jpg",
        "nombre_foto_despues": "IMG-20260429-WA0148.jpg",
        "total_fotos": 3,
        "observaciones": ""
      }
    },
    {
      "type": "Feature",
      "geometry": {
        "type": "Point",
        "coordinates": [
          -72.58711242675781,
          -38.73991394042969
        ]
      },
      "properties": {
        "id": "G1-20260429-0073",
        "nombre": "Señalética Vial",
        "fecha": "2026-04-29",
        "fecha_display": "29/4/2026",
        "hora": "16:52",
        "cuadrilla": "GRUPO 1",
        "tipo": "Mantención de Señalética",
        "foto_antes": "Datos Grupos Terreno/Chat de WhatsApp con G1 acrilica Fernando  Pedro G/IMG-20260429-WA0158.jpg",
        "foto_despues": "Datos Grupos Terreno/Chat de WhatsApp con G1 acrilica Fernando  Pedro G/IMG-20260429-WA0161.jpg",
        "nombre_foto_antes": "IMG-20260429-WA0158.jpg",
        "nombre_foto_despues": "IMG-20260429-WA0161.jpg",
        "total_fotos": 2,
        "observaciones": ""
      }
    },
    {
      "type": "Feature",
      "geometry": {
        "type": "Point",
        "coordinates": [
          -72.58660888671875,
          -38.74012756347656
        ]
      },
      "properties": {
        "id": "G1-20260429-0074",
        "nombre": "Señalética Vial",
        "fecha": "2026-04-29",
        "fecha_display": "29/4/2026",
        "hora": "17:00",
        "cuadrilla": "GRUPO 1",
        "tipo": "Mantención de Señalética",
        "foto_antes": "Datos Grupos Terreno/Chat de WhatsApp con G1 acrilica Fernando  Pedro G/IMG-20260429-WA0162.jpg",
        "foto_despues": "Datos Grupos Terreno/Chat de WhatsApp con G1 acrilica Fernando  Pedro G/IMG-20260429-WA0164.jpg",
        "nombre_foto_antes": "IMG-20260429-WA0162.jpg",
        "nombre_foto_despues": "IMG-20260429-WA0164.jpg",
        "total_fotos": 2,
        "observaciones": ""
      }
    },
    {
      "type": "Feature",
      "geometry": {
        "type": "Point",
        "coordinates": [
          -72.58544158935547,
          -38.74010467529297
        ]
      },
      "properties": {
        "id": "G1-20260429-0075",
        "nombre": "Señalética Vial",
        "fecha": "2026-04-29",
        "fecha_display": "29/4/2026",
        "hora": "17:04",
        "cuadrilla": "GRUPO 1",
        "tipo": "Mantención de Señalética",
        "foto_antes": "Datos Grupos Terreno/Chat de WhatsApp con G1 acrilica Fernando  Pedro G/IMG-20260429-WA0165.jpg",
        "foto_despues": "Datos Grupos Terreno/Chat de WhatsApp con G1 acrilica Fernando  Pedro G/IMG-20260429-WA0173.jpg",
        "nombre_foto_antes": "IMG-20260429-WA0165.jpg",
        "nombre_foto_despues": "IMG-20260429-WA0173.jpg",
        "total_fotos": 5,
        "observaciones": ""
      }
    },
    {
      "type": "Feature",
      "geometry": {
        "type": "Point",
        "coordinates": [
          -72.58555603027344,
          -38.740150451660156
        ]
      },
      "properties": {
        "id": "G1-20260429-0076",
        "nombre": "Señalética Vial",
        "fecha": "2026-04-29",
        "fecha_display": "29/4/2026",
        "hora": "17:08",
        "cuadrilla": "GRUPO 1",
        "tipo": "Mantención de Señalética",
        "foto_antes": "Datos Grupos Terreno/Chat de WhatsApp con G1 acrilica Fernando  Pedro G/IMG-20260429-WA0174.jpg",
        "foto_despues": "Datos Grupos Terreno/Chat de WhatsApp con G1 acrilica Fernando  Pedro G/IMG-20260429-WA0181.jpg",
        "nombre_foto_antes": "IMG-20260429-WA0174.jpg",
        "nombre_foto_despues": "IMG-20260429-WA0181.jpg",
        "total_fotos": 4,
        "observaciones": ""
      }
    },
    {
      "type": "Feature",
      "geometry": {
        "type": "Point",
        "coordinates": [
          -72.63566589355469,
          -38.71086120605469
        ]
      },
      "properties": {
        "id": "G1-20260430-0077",
        "nombre": "Señalética Vial",
        "fecha": "2026-04-30",
        "fecha_display": "30/4/2026",
        "hora": "10:41",
        "cuadrilla": "GRUPO 1",
        "tipo": "Mantención de Señalética",
        "foto_antes": "Datos Grupos Terreno/Chat de WhatsApp con G1 acrilica Fernando  Pedro G/IMG-20260430-WA0056.jpg",
        "foto_despues": "Datos Grupos Terreno/Chat de WhatsApp con G1 acrilica Fernando  Pedro G/IMG-20260430-WA0219.jpg",
        "nombre_foto_antes": "IMG-20260430-WA0056.jpg",
        "nombre_foto_despues": "IMG-20260430-WA0219.jpg",
        "total_fotos": 14,
        "observaciones": ""
      }
    },
    {
      "type": "Feature",
      "geometry": {
        "type": "Point",
        "coordinates": [
          -72.61298370361328,
          -38.726566314697266
        ]
      },
      "properties": {
        "id": "G1-20260504-0078",
        "nombre": "Señalética Vial",
        "fecha": "2026-05-04",
        "fecha_display": "4/5/2026",
        "hora": "08:41",
        "cuadrilla": "GRUPO 1",
        "tipo": "Mantención de Señalética",
        "foto_antes": "Datos Grupos Terreno/Chat de WhatsApp con G1 acrilica Fernando  Pedro G/IMG-20260504-WA0009.jpg",
        "foto_despues": "Datos Grupos Terreno/Chat de WhatsApp con G1 acrilica Fernando  Pedro G/IMG-20260504-WA0045.jpg",
        "nombre_foto_antes": "IMG-20260504-WA0009.jpg",
        "nombre_foto_despues": "IMG-20260504-WA0045.jpg",
        "total_fotos": 7,
        "observaciones": ""
      }
    },
    {
      "type": "Feature",
      "geometry": {
        "type": "Point",
        "coordinates": [
          -72.65132904052734,
          -38.718040466308594
        ]
      },
      "properties": {
        "id": "G1-20260504-0079",
        "nombre": "Señalética Vial",
        "fecha": "2026-05-04",
        "fecha_display": "4/5/2026",
        "hora": "10:21",
        "cuadrilla": "GRUPO 1",
        "tipo": "Mantención de Señalética",
        "foto_antes": "Datos Grupos Terreno/Chat de WhatsApp con G1 acrilica Fernando  Pedro G/IMG-20260504-WA0046.jpg",
        "foto_despues": "Datos Grupos Terreno/Chat de WhatsApp con G1 acrilica Fernando  Pedro G/IMG-20260504-WA0048.jpg",
        "nombre_foto_antes": "IMG-20260504-WA0046.jpg",
        "nombre_foto_despues": "IMG-20260504-WA0048.jpg",
        "total_fotos": 3,
        "observaciones": ""
      }
    },
    {
      "type": "Feature",
      "geometry": {
        "type": "Point",
        "coordinates": [
          -72.62935638427734,
          -38.725433349609375
        ]
      },
      "properties": {
        "id": "G1-20260504-0080",
        "nombre": "Señalética Vial",
        "fecha": "2026-05-04",
        "fecha_display": "4/5/2026",
        "hora": "10:29",
        "cuadrilla": "GRUPO 1",
        "tipo": "Mantención de Señalética",
        "foto_antes": "Datos Grupos Terreno/Chat de WhatsApp con G1 acrilica Fernando  Pedro G/IMG-20260504-WA0049.jpg",
        "foto_despues": "Datos Grupos Terreno/Chat de WhatsApp con G1 acrilica Fernando  Pedro G/IMG-20260504-WA0050.jpg",
        "nombre_foto_antes": "IMG-20260504-WA0049.jpg",
        "nombre_foto_despues": "IMG-20260504-WA0050.jpg",
        "total_fotos": 2,
        "observaciones": ""
      }
    },
    {
      "type": "Feature",
      "geometry": {
        "type": "Point",
        "coordinates": [
          -72.63314819335938,
          -38.724090576171875
        ]
      },
      "properties": {
        "id": "G1-20260504-0081",
        "nombre": "Señalética Vial",
        "fecha": "2026-05-04",
        "fecha_display": "4/5/2026",
        "hora": "10:39",
        "cuadrilla": "GRUPO 1",
        "tipo": "Mantención de Señalética",
        "foto_antes": "Datos Grupos Terreno/Chat de WhatsApp con G1 acrilica Fernando  Pedro G/IMG-20260504-WA0051.jpg",
        "foto_despues": "",
        "nombre_foto_antes": "IMG-20260504-WA0051.jpg",
        "nombre_foto_despues": "",
        "total_fotos": 1,
        "observaciones": ""
      }
    },
    {
      "type": "Feature",
      "geometry": {
        "type": "Point",
        "coordinates": [
          -72.64435577392578,
          -38.72109603881836
        ]
      },
      "properties": {
        "id": "G1-20260504-0082",
        "nombre": "Señalética Vial",
        "fecha": "2026-05-04",
        "fecha_display": "4/5/2026",
        "hora": "10:52",
        "cuadrilla": "GRUPO 1",
        "tipo": "Mantención de Señalética",
        "foto_antes": "Datos Grupos Terreno/Chat de WhatsApp con G1 acrilica Fernando  Pedro G/IMG-20260504-WA0059.jpg",
        "foto_despues": "",
        "nombre_foto_antes": "IMG-20260504-WA0059.jpg",
        "nombre_foto_despues": "",
        "total_fotos": 1,
        "observaciones": ""
      }
    },
    {
      "type": "Feature",
      "geometry": {
        "type": "Point",
        "coordinates": [
          -72.57818603515625,
          -38.72793960571289
        ]
      },
      "properties": {
        "id": "G1-20260504-0083",
        "nombre": "Señalética Vial",
        "fecha": "2026-05-04",
        "fecha_display": "4/5/2026",
        "hora": "11:49",
        "cuadrilla": "GRUPO 1",
        "tipo": "Mantención de Señalética",
        "foto_antes": "Datos Grupos Terreno/Chat de WhatsApp con G1 acrilica Fernando  Pedro G/IMG-20260504-WA0063.jpg",
        "foto_despues": "Datos Grupos Terreno/Chat de WhatsApp con G1 acrilica Fernando  Pedro G/IMG-20260504-WA0069.jpg",
        "nombre_foto_antes": "IMG-20260504-WA0063.jpg",
        "nombre_foto_despues": "IMG-20260504-WA0069.jpg",
        "total_fotos": 4,
        "observaciones": ""
      }
    },
    {
      "type": "Feature",
      "geometry": {
        "type": "Point",
        "coordinates": [
          -72.57819366455078,
          -38.72795867919922
        ]
      },
      "properties": {
        "id": "G1-20260504-0084",
        "nombre": "Señalética Vial",
        "fecha": "2026-05-04",
        "fecha_display": "4/5/2026",
        "hora": "12:18",
        "cuadrilla": "GRUPO 1",
        "tipo": "Mantención de Señalética",
        "foto_antes": "Datos Grupos Terreno/Chat de WhatsApp con G1 acrilica Fernando  Pedro G/IMG-20260504-WA0075.jpg",
        "foto_despues": "Datos Grupos Terreno/Chat de WhatsApp con G1 acrilica Fernando  Pedro G/IMG-20260504-WA0136.jpg",
        "nombre_foto_antes": "IMG-20260504-WA0075.jpg",
        "nombre_foto_despues": "IMG-20260504-WA0136.jpg",
        "total_fotos": 6,
        "observaciones": ""
      }
    },
    {
      "type": "Feature",
      "geometry": {
        "type": "Point",
        "coordinates": [
          -72.59773254394531,
          -38.74037551879883
        ]
      },
      "properties": {
        "id": "G1-20260504-0085",
        "nombre": "Señalética Vial",
        "fecha": "2026-05-04",
        "fecha_display": "4/5/2026",
        "hora": "16:01",
        "cuadrilla": "GRUPO 1",
        "tipo": "Mantención de Señalética",
        "foto_antes": "Datos Grupos Terreno/Chat de WhatsApp con G1 acrilica Fernando  Pedro G/IMG-20260504-WA0140.jpg",
        "foto_despues": "Datos Grupos Terreno/Chat de WhatsApp con G1 acrilica Fernando  Pedro G/IMG-20260504-WA0139.jpg",
        "nombre_foto_antes": "IMG-20260504-WA0140.jpg",
        "nombre_foto_despues": "IMG-20260504-WA0139.jpg",
        "total_fotos": 3,
        "observaciones": ""
      }
    },
    {
      "type": "Feature",
      "geometry": {
        "type": "Point",
        "coordinates": [
          -72.59537506103516,
          -38.74081039428711
        ]
      },
      "properties": {
        "id": "G1-20260504-0086",
        "nombre": "Señalética Vial",
        "fecha": "2026-05-04",
        "fecha_display": "4/5/2026",
        "hora": "16:08",
        "cuadrilla": "GRUPO 1",
        "tipo": "Mantención de Señalética",
        "foto_antes": "Datos Grupos Terreno/Chat de WhatsApp con G1 acrilica Fernando  Pedro G/IMG-20260504-WA0142.jpg",
        "foto_despues": "Datos Grupos Terreno/Chat de WhatsApp con G1 acrilica Fernando  Pedro G/IMG-20260504-WA0143.jpg",
        "nombre_foto_antes": "IMG-20260504-WA0142.jpg",
        "nombre_foto_despues": "IMG-20260504-WA0143.jpg",
        "total_fotos": 2,
        "observaciones": ""
      }
    },
    {
      "type": "Feature",
      "geometry": {
        "type": "Point",
        "coordinates": [
          -72.59518432617188,
          -38.7407112121582
        ]
      },
      "properties": {
        "id": "G1-20260504-0087",
        "nombre": "Señalética Vial",
        "fecha": "2026-05-04",
        "fecha_display": "4/5/2026",
        "hora": "16:09",
        "cuadrilla": "GRUPO 1",
        "tipo": "Mantención de Señalética",
        "foto_antes": "Datos Grupos Terreno/Chat de WhatsApp con G1 acrilica Fernando  Pedro G/IMG-20260504-WA0144.jpg",
        "foto_despues": "Datos Grupos Terreno/Chat de WhatsApp con G1 acrilica Fernando  Pedro G/IMG-20260504-WA0148.jpg",
        "nombre_foto_antes": "IMG-20260504-WA0144.jpg",
        "nombre_foto_despues": "IMG-20260504-WA0148.jpg",
        "total_fotos": 5,
        "observaciones": ""
      }
    },
    {
      "type": "Feature",
      "geometry": {
        "type": "Point",
        "coordinates": [
          -72.59505462646484,
          -38.74077224731445
        ]
      },
      "properties": {
        "id": "G1-20260504-0088",
        "nombre": "Señalética Vial",
        "fecha": "2026-05-04",
        "fecha_display": "4/5/2026",
        "hora": "16:16",
        "cuadrilla": "GRUPO 1",
        "tipo": "Mantención de Señalética",
        "foto_antes": "Datos Grupos Terreno/Chat de WhatsApp con G1 acrilica Fernando  Pedro G/IMG-20260504-WA0149.jpg",
        "foto_despues": "Datos Grupos Terreno/Chat de WhatsApp con G1 acrilica Fernando  Pedro G/IMG-20260504-WA0151.jpg",
        "nombre_foto_antes": "IMG-20260504-WA0149.jpg",
        "nombre_foto_despues": "IMG-20260504-WA0151.jpg",
        "total_fotos": 3,
        "observaciones": ""
      }
    },
    {
      "type": "Feature",
      "geometry": {
        "type": "Point",
        "coordinates": [
          -72.59493255615234,
          -38.74087905883789
        ]
      },
      "properties": {
        "id": "G1-20260504-0089",
        "nombre": "Señalética Vial",
        "fecha": "2026-05-04",
        "fecha_display": "4/5/2026",
        "hora": "16:21",
        "cuadrilla": "GRUPO 1",
        "tipo": "Mantención de Señalética",
        "foto_antes": "Datos Grupos Terreno/Chat de WhatsApp con G1 acrilica Fernando  Pedro G/IMG-20260504-WA0152.jpg",
        "foto_despues": "Datos Grupos Terreno/Chat de WhatsApp con G1 acrilica Fernando  Pedro G/IMG-20260504-WA0153.jpg",
        "nombre_foto_antes": "IMG-20260504-WA0152.jpg",
        "nombre_foto_despues": "IMG-20260504-WA0153.jpg",
        "total_fotos": 3,
        "observaciones": ""
      }
    },
    {
      "type": "Feature",
      "geometry": {
        "type": "Point",
        "coordinates": [
          -72.59446716308594,
          -38.74098587036133
        ]
      },
      "properties": {
        "id": "G1-20260504-0090",
        "nombre": "Señalética Vial",
        "fecha": "2026-05-04",
        "fecha_display": "4/5/2026",
        "hora": "16:22",
        "cuadrilla": "GRUPO 1",
        "tipo": "Mantención de Señalética",
        "foto_antes": "Datos Grupos Terreno/Chat de WhatsApp con G1 acrilica Fernando  Pedro G/IMG-20260504-WA0155.jpg",
        "foto_despues": "Datos Grupos Terreno/Chat de WhatsApp con G1 acrilica Fernando  Pedro G/IMG-20260504-WA0157.jpg",
        "nombre_foto_antes": "IMG-20260504-WA0155.jpg",
        "nombre_foto_despues": "IMG-20260504-WA0157.jpg",
        "total_fotos": 3,
        "observaciones": ""
      }
    },
    {
      "type": "Feature",
      "geometry": {
        "type": "Point",
        "coordinates": [
          -72.59371185302734,
          -38.740631103515625
        ]
      },
      "properties": {
        "id": "G1-20260504-0091",
        "nombre": "Señalética Vial",
        "fecha": "2026-05-04",
        "fecha_display": "4/5/2026",
        "hora": "16:28",
        "cuadrilla": "GRUPO 1",
        "tipo": "Mantención de Señalética",
        "foto_antes": "Datos Grupos Terreno/Chat de WhatsApp con G1 acrilica Fernando  Pedro G/IMG-20260504-WA0162.jpg",
        "foto_despues": "Datos Grupos Terreno/Chat de WhatsApp con G1 acrilica Fernando  Pedro G/IMG-20260504-WA0163.jpg",
        "nombre_foto_antes": "IMG-20260504-WA0162.jpg",
        "nombre_foto_despues": "IMG-20260504-WA0163.jpg",
        "total_fotos": 2,
        "observaciones": ""
      }
    },
    {
      "type": "Feature",
      "geometry": {
        "type": "Point",
        "coordinates": [
          -72.59378051757812,
          -38.74080276489258
        ]
      },
      "properties": {
        "id": "G1-20260504-0092",
        "nombre": "Señalética Vial",
        "fecha": "2026-05-04",
        "fecha_display": "4/5/2026",
        "hora": "16:29",
        "cuadrilla": "GRUPO 1",
        "tipo": "Mantención de Señalética",
        "foto_antes": "Datos Grupos Terreno/Chat de WhatsApp con G1 acrilica Fernando  Pedro G/IMG-20260504-WA0164.jpg",
        "foto_despues": "Datos Grupos Terreno/Chat de WhatsApp con G1 acrilica Fernando  Pedro G/IMG-20260504-WA0165.jpg",
        "nombre_foto_antes": "IMG-20260504-WA0164.jpg",
        "nombre_foto_despues": "IMG-20260504-WA0165.jpg",
        "total_fotos": 2,
        "observaciones": ""
      }
    },
    {
      "type": "Feature",
      "geometry": {
        "type": "Point",
        "coordinates": [
          -72.59382629394531,
          -38.74092483520508
        ]
      },
      "properties": {
        "id": "G1-20260504-0093",
        "nombre": "Señalética Vial",
        "fecha": "2026-05-04",
        "fecha_display": "4/5/2026",
        "hora": "16:30",
        "cuadrilla": "GRUPO 1",
        "tipo": "Mantención de Señalética",
        "foto_antes": "Datos Grupos Terreno/Chat de WhatsApp con G1 acrilica Fernando  Pedro G/IMG-20260504-WA0166.jpg",
        "foto_despues": "Datos Grupos Terreno/Chat de WhatsApp con G1 acrilica Fernando  Pedro G/IMG-20260504-WA0168.jpg",
        "nombre_foto_antes": "IMG-20260504-WA0166.jpg",
        "nombre_foto_despues": "IMG-20260504-WA0168.jpg",
        "total_fotos": 3,
        "observaciones": ""
      }
    },
    {
      "type": "Feature",
      "geometry": {
        "type": "Point",
        "coordinates": [
          -72.59358215332031,
          -38.74106216430664
        ]
      },
      "properties": {
        "id": "G1-20260504-0094",
        "nombre": "Señalética Vial",
        "fecha": "2026-05-04",
        "fecha_display": "4/5/2026",
        "hora": "16:31",
        "cuadrilla": "GRUPO 1",
        "tipo": "Mantención de Señalética",
        "foto_antes": "Datos Grupos Terreno/Chat de WhatsApp con G1 acrilica Fernando  Pedro G/IMG-20260504-WA0169.jpg",
        "foto_despues": "Datos Grupos Terreno/Chat de WhatsApp con G1 acrilica Fernando  Pedro G/IMG-20260504-WA0172.jpg",
        "nombre_foto_antes": "IMG-20260504-WA0169.jpg",
        "nombre_foto_despues": "IMG-20260504-WA0172.jpg",
        "total_fotos": 3,
        "observaciones": ""
      }
    },
    {
      "type": "Feature",
      "geometry": {
        "type": "Point",
        "coordinates": [
          -72.59303283691406,
          -38.741188049316406
        ]
      },
      "properties": {
        "id": "G1-20260504-0095",
        "nombre": "Señalética Vial",
        "fecha": "2026-05-04",
        "fecha_display": "4/5/2026",
        "hora": "16:37",
        "cuadrilla": "GRUPO 1",
        "tipo": "Mantención de Señalética",
        "foto_antes": "Datos Grupos Terreno/Chat de WhatsApp con G1 acrilica Fernando  Pedro G/IMG-20260504-WA0180.jpg",
        "foto_despues": "",
        "nombre_foto_antes": "IMG-20260504-WA0180.jpg",
        "nombre_foto_despues": "",
        "total_fotos": 1,
        "observaciones": ""
      }
    },
    {
      "type": "Feature",
      "geometry": {
        "type": "Point",
        "coordinates": [
          -72.59235382080078,
          -38.741233825683594
        ]
      },
      "properties": {
        "id": "G1-20260504-0096",
        "nombre": "Señalética Vial",
        "fecha": "2026-05-04",
        "fecha_display": "4/5/2026",
        "hora": "17:09",
        "cuadrilla": "GRUPO 1",
        "tipo": "Mantención de Señalética",
        "foto_antes": "Datos Grupos Terreno/Chat de WhatsApp con G1 acrilica Fernando  Pedro G/IMG-20260504-WA0181.jpg",
        "foto_despues": "Datos Grupos Terreno/Chat de WhatsApp con G1 acrilica Fernando  Pedro G/IMG-20260504-WA0185.jpg",
        "nombre_foto_antes": "IMG-20260504-WA0181.jpg",
        "nombre_foto_despues": "IMG-20260504-WA0185.jpg",
        "total_fotos": 3,
        "observaciones": ""
      }
    },
    {
      "type": "Feature",
      "geometry": {
        "type": "Point",
        "coordinates": [
          -72.59203338623047,
          -38.74119186401367
        ]
      },
      "properties": {
        "id": "G1-20260504-0097",
        "nombre": "Señalética Vial",
        "fecha": "2026-05-04",
        "fecha_display": "4/5/2026",
        "hora": "17:15",
        "cuadrilla": "GRUPO 1",
        "tipo": "Mantención de Señalética",
        "foto_antes": "Datos Grupos Terreno/Chat de WhatsApp con G1 acrilica Fernando  Pedro G/IMG-20260504-WA0187.jpg",
        "foto_despues": "Datos Grupos Terreno/Chat de WhatsApp con G1 acrilica Fernando  Pedro G/IMG-20260504-WA0190.jpg",
        "nombre_foto_antes": "IMG-20260504-WA0187.jpg",
        "nombre_foto_despues": "IMG-20260504-WA0190.jpg",
        "total_fotos": 4,
        "observaciones": ""
      }
    },
    {
      "type": "Feature",
      "geometry": {
        "type": "Point",
        "coordinates": [
          -72.5920181274414,
          -38.74132537841797
        ]
      },
      "properties": {
        "id": "G1-20260504-0098",
        "nombre": "Señalética Vial",
        "fecha": "2026-05-04",
        "fecha_display": "4/5/2026",
        "hora": "17:24",
        "cuadrilla": "GRUPO 1",
        "tipo": "Mantención de Señalética",
        "foto_antes": "Datos Grupos Terreno/Chat de WhatsApp con G1 acrilica Fernando  Pedro G/IMG-20260504-WA0191.jpg",
        "foto_despues": "Datos Grupos Terreno/Chat de WhatsApp con G1 acrilica Fernando  Pedro G/IMG-20260504-WA0197.jpg",
        "nombre_foto_antes": "IMG-20260504-WA0191.jpg",
        "nombre_foto_despues": "IMG-20260504-WA0197.jpg",
        "total_fotos": 2,
        "observaciones": ""
      }
    },
    {
      "type": "Feature",
      "geometry": {
        "type": "Point",
        "coordinates": [
          -72.59133911132812,
          -38.741363525390625
        ]
      },
      "properties": {
        "id": "G1-20260504-0099",
        "nombre": "Señalética Vial",
        "fecha": "2026-05-04",
        "fecha_display": "4/5/2026",
        "hora": "17:29",
        "cuadrilla": "GRUPO 1",
        "tipo": "Mantención de Señalética",
        "foto_antes": "Datos Grupos Terreno/Chat de WhatsApp con G1 acrilica Fernando  Pedro G/IMG-20260504-WA0199.jpg",
        "foto_despues": "Datos Grupos Terreno/Chat de WhatsApp con G1 acrilica Fernando  Pedro G/IMG-20260504-WA0202.jpg",
        "nombre_foto_antes": "IMG-20260504-WA0199.jpg",
        "nombre_foto_despues": "IMG-20260504-WA0202.jpg",
        "total_fotos": 4,
        "observaciones": ""
      }
    },
    {
      "type": "Feature",
      "geometry": {
        "type": "Point",
        "coordinates": [
          -72.59135437011719,
          -38.741275787353516
        ]
      },
      "properties": {
        "id": "G1-20260504-0100",
        "nombre": "Señalética Vial",
        "fecha": "2026-05-04",
        "fecha_display": "4/5/2026",
        "hora": "17:35",
        "cuadrilla": "GRUPO 1",
        "tipo": "Mantención de Señalética",
        "foto_antes": "Datos Grupos Terreno/Chat de WhatsApp con G1 acrilica Fernando  Pedro G/IMG-20260504-WA0203.jpg",
        "foto_despues": "Datos Grupos Terreno/Chat de WhatsApp con G1 acrilica Fernando  Pedro G/IMG-20260504-WA0206.jpg",
        "nombre_foto_antes": "IMG-20260504-WA0203.jpg",
        "nombre_foto_despues": "IMG-20260504-WA0206.jpg",
        "total_fotos": 3,
        "observaciones": ""
      }
    },
    {
      "type": "Feature",
      "geometry": {
        "type": "Point",
        "coordinates": [
          -72.59069061279297,
          -38.7413215637207
        ]
      },
      "properties": {
        "id": "G1-20260504-0101",
        "nombre": "Señalética Vial",
        "fecha": "2026-05-04",
        "fecha_display": "4/5/2026",
        "hora": "17:45",
        "cuadrilla": "GRUPO 1",
        "tipo": "Mantención de Señalética",
        "foto_antes": "Datos Grupos Terreno/Chat de WhatsApp con G1 acrilica Fernando  Pedro G/IMG-20260504-WA0211.jpg",
        "foto_despues": "Datos Grupos Terreno/Chat de WhatsApp con G1 acrilica Fernando  Pedro G/IMG-20260504-WA0212.jpg",
        "nombre_foto_antes": "IMG-20260504-WA0211.jpg",
        "nombre_foto_despues": "IMG-20260504-WA0212.jpg",
        "total_fotos": 2,
        "observaciones": ""
      }
    },
    {
      "type": "Feature",
      "geometry": {
        "type": "Point",
        "coordinates": [
          -72.58966064453125,
          -38.7417106628418
        ]
      },
      "properties": {
        "id": "G1-20260504-0102",
        "nombre": "Señalética Vial",
        "fecha": "2026-05-04",
        "fecha_display": "4/5/2026",
        "hora": "17:52",
        "cuadrilla": "GRUPO 1",
        "tipo": "Mantención de Señalética",
        "foto_antes": "Datos Grupos Terreno/Chat de WhatsApp con G1 acrilica Fernando  Pedro G/IMG-20260504-WA0213.jpg",
        "foto_despues": "Datos Grupos Terreno/Chat de WhatsApp con G1 acrilica Fernando  Pedro G/IMG-20260504-WA0216.jpg",
        "nombre_foto_antes": "IMG-20260504-WA0213.jpg",
        "nombre_foto_despues": "IMG-20260504-WA0216.jpg",
        "total_fotos": 4,
        "observaciones": ""
      }
    },
    {
      "type": "Feature",
      "geometry": {
        "type": "Point",
        "coordinates": [
          -72.58932495117188,
          -38.74171447753906
        ]
      },
      "properties": {
        "id": "G1-20260504-0103",
        "nombre": "Señalética Vial",
        "fecha": "2026-05-04",
        "fecha_display": "4/5/2026",
        "hora": "17:58",
        "cuadrilla": "GRUPO 1",
        "tipo": "Mantención de Señalética",
        "foto_antes": "Datos Grupos Terreno/Chat de WhatsApp con G1 acrilica Fernando  Pedro G/IMG-20260504-WA0217.jpg",
        "foto_despues": "Datos Grupos Terreno/Chat de WhatsApp con G1 acrilica Fernando  Pedro G/IMG-20260505-WA0003.jpg",
        "nombre_foto_antes": "IMG-20260504-WA0217.jpg",
        "nombre_foto_despues": "IMG-20260505-WA0003.jpg",
        "total_fotos": 7,
        "observaciones": ""
      }
    },
    {
      "type": "Feature",
      "geometry": {
        "type": "Point",
        "coordinates": [
          -72.58751678466797,
          -38.742095947265625
        ]
      },
      "properties": {
        "id": "G1-20260504-0104",
        "nombre": "Señalética Vial",
        "fecha": "2026-05-04",
        "fecha_display": "4/5/2026",
        "hora": "18:10",
        "cuadrilla": "GRUPO 1",
        "tipo": "Mantención de Señalética",
        "foto_antes": "Datos Grupos Terreno/Chat de WhatsApp con G1 acrilica Fernando  Pedro G/IMG-20260504-WA0226.jpg",
        "foto_despues": "",
        "nombre_foto_antes": "IMG-20260504-WA0226.jpg",
        "nombre_foto_despues": "",
        "total_fotos": 1,
        "observaciones": ""
      }
    },
    {
      "type": "Feature",
      "geometry": {
        "type": "Point",
        "coordinates": [
          -72.58808135986328,
          -38.741920471191406
        ]
      },
      "properties": {
        "id": "G1-20260504-0105",
        "nombre": "Señalética Vial",
        "fecha": "2026-05-04",
        "fecha_display": "4/5/2026",
        "hora": "18:12",
        "cuadrilla": "GRUPO 1",
        "tipo": "Mantención de Señalética",
        "foto_antes": "Datos Grupos Terreno/Chat de WhatsApp con G1 acrilica Fernando  Pedro G/IMG-20260504-WA0227.jpg",
        "foto_despues": "Datos Grupos Terreno/Chat de WhatsApp con G1 acrilica Fernando  Pedro G/IMG-20260504-WA0230.jpg",
        "nombre_foto_antes": "IMG-20260504-WA0227.jpg",
        "nombre_foto_despues": "IMG-20260504-WA0230.jpg",
        "total_fotos": 4,
        "observaciones": ""
      }
    },
    {
      "type": "Feature",
      "geometry": {
        "type": "Point",
        "coordinates": [
          -72.58702850341797,
          -38.74211883544922
        ]
      },
      "properties": {
        "id": "G1-20260504-0106",
        "nombre": "Señalética Vial",
        "fecha": "2026-05-04",
        "fecha_display": "4/5/2026",
        "hora": "18:16",
        "cuadrilla": "GRUPO 1",
        "tipo": "Mantención de Señalética",
        "foto_antes": "Datos Grupos Terreno/Chat de WhatsApp con G1 acrilica Fernando  Pedro G/IMG-20260504-WA0231.jpg",
        "foto_despues": "Datos Grupos Terreno/Chat de WhatsApp con G1 acrilica Fernando  Pedro G/IMG-20260504-WA0233.jpg",
        "nombre_foto_antes": "IMG-20260504-WA0231.jpg",
        "nombre_foto_despues": "IMG-20260504-WA0233.jpg",
        "total_fotos": 3,
        "observaciones": ""
      }
    },
    {
      "type": "Feature",
      "geometry": {
        "type": "Point",
        "coordinates": [
          -72.58588409423828,
          -38.742149353027344
        ]
      },
      "properties": {
        "id": "G1-20260505-0107",
        "nombre": "Señalética Vial",
        "fecha": "2026-05-05",
        "fecha_display": "5/5/2026",
        "hora": "08:35",
        "cuadrilla": "GRUPO 1",
        "tipo": "Mantención de Señalética",
        "foto_antes": "Datos Grupos Terreno/Chat de WhatsApp con G1 acrilica Fernando  Pedro G/IMG-20260505-WA0015.jpg",
        "foto_despues": "Datos Grupos Terreno/Chat de WhatsApp con G1 acrilica Fernando  Pedro G/IMG-20260505-WA0018.jpg",
        "nombre_foto_antes": "IMG-20260505-WA0015.jpg",
        "nombre_foto_despues": "IMG-20260505-WA0018.jpg",
        "total_fotos": 4,
        "observaciones": ""
      }
    },
    {
      "type": "Feature",
      "geometry": {
        "type": "Point",
        "coordinates": [
          -72.5866470336914,
          -38.74221420288086
        ]
      },
      "properties": {
        "id": "G1-20260505-0108",
        "nombre": "Señalética Vial",
        "fecha": "2026-05-05",
        "fecha_display": "5/5/2026",
        "hora": "09:15",
        "cuadrilla": "GRUPO 1",
        "tipo": "Mantención de Señalética",
        "foto_antes": "Datos Grupos Terreno/Chat de WhatsApp con G1 acrilica Fernando  Pedro G/IMG-20260505-WA0019.jpg",
        "foto_despues": "Datos Grupos Terreno/Chat de WhatsApp con G1 acrilica Fernando  Pedro G/IMG-20260505-WA0023.jpg",
        "nombre_foto_antes": "IMG-20260505-WA0019.jpg",
        "nombre_foto_despues": "IMG-20260505-WA0023.jpg",
        "total_fotos": 4,
        "observaciones": ""
      }
    },
    {
      "type": "Feature",
      "geometry": {
        "type": "Point",
        "coordinates": [
          -72.5865707397461,
          -38.742183685302734
        ]
      },
      "properties": {
        "id": "G1-20260505-0109",
        "nombre": "Señalética Vial",
        "fecha": "2026-05-05",
        "fecha_display": "5/5/2026",
        "hora": "09:19",
        "cuadrilla": "GRUPO 1",
        "tipo": "Mantención de Señalética",
        "foto_antes": "Datos Grupos Terreno/Chat de WhatsApp con G1 acrilica Fernando  Pedro G/IMG-20260505-WA0024.jpg",
        "foto_despues": "Datos Grupos Terreno/Chat de WhatsApp con G1 acrilica Fernando  Pedro G/IMG-20260505-WA0043.jpg",
        "nombre_foto_antes": "IMG-20260505-WA0024.jpg",
        "nombre_foto_despues": "IMG-20260505-WA0043.jpg",
        "total_fotos": 2,
        "observaciones": ""
      }
    },
    {
      "type": "Feature",
      "geometry": {
        "type": "Point",
        "coordinates": [
          -72.5858623,
          -38.7417965
        ]
      },
      "properties": {
        "id": "G1-20260505-0110",
        "nombre": "Señalética Vial",
        "fecha": "2026-05-05",
        "fecha_display": "5/5/2026",
        "hora": "10:11",
        "cuadrilla": "GRUPO 1",
        "tipo": "Mantención de Señalética",
        "foto_antes": "Datos Grupos Terreno/Chat de WhatsApp con G1 acrilica Fernando  Pedro G/IMG-20260505-WA0044.jpg",
        "foto_despues": "Datos Grupos Terreno/Chat de WhatsApp con G1 acrilica Fernando  Pedro G/IMG-20260505-WA0054.jpg",
        "nombre_foto_antes": "IMG-20260505-WA0044.jpg",
        "nombre_foto_despues": "IMG-20260505-WA0054.jpg",
        "total_fotos": 4,
        "observaciones": ""
      }
    },
    {
      "type": "Feature",
      "geometry": {
        "type": "Point",
        "coordinates": [
          -72.58779907226562,
          -38.74296951293945
        ]
      },
      "properties": {
        "id": "G1-20260505-0111",
        "nombre": "Señalética Vial",
        "fecha": "2026-05-05",
        "fecha_display": "5/5/2026",
        "hora": "10:30",
        "cuadrilla": "GRUPO 1",
        "tipo": "Mantención de Señalética",
        "foto_antes": "Datos Grupos Terreno/Chat de WhatsApp con G1 acrilica Fernando  Pedro G/IMG-20260505-WA0055.jpg",
        "foto_despues": "",
        "nombre_foto_antes": "IMG-20260505-WA0055.jpg",
        "nombre_foto_despues": "",
        "total_fotos": 1,
        "observaciones": ""
      }
    },
    {
      "type": "Feature",
      "geometry": {
        "type": "Point",
        "coordinates": [
          -72.5877456665039,
          -38.743072509765625
        ]
      },
      "properties": {
        "id": "G1-20260505-0112",
        "nombre": "Señalética Vial",
        "fecha": "2026-05-05",
        "fecha_display": "5/5/2026",
        "hora": "10:31",
        "cuadrilla": "GRUPO 1",
        "tipo": "Mantención de Señalética",
        "foto_antes": "Datos Grupos Terreno/Chat de WhatsApp con G1 acrilica Fernando  Pedro G/IMG-20260505-WA0056.jpg",
        "foto_despues": "Datos Grupos Terreno/Chat de WhatsApp con G1 acrilica Fernando  Pedro G/IMG-20260505-WA0059.jpg",
        "nombre_foto_antes": "IMG-20260505-WA0056.jpg",
        "nombre_foto_despues": "IMG-20260505-WA0059.jpg",
        "total_fotos": 4,
        "observaciones": ""
      }
    },
    {
      "type": "Feature",
      "geometry": {
        "type": "Point",
        "coordinates": [
          -72.58901977539062,
          -38.74274826049805
        ]
      },
      "properties": {
        "id": "G1-20260505-0113",
        "nombre": "Señalética Vial",
        "fecha": "2026-05-05",
        "fecha_display": "5/5/2026",
        "hora": "10:38",
        "cuadrilla": "GRUPO 1",
        "tipo": "Mantención de Señalética",
        "foto_antes": "Datos Grupos Terreno/Chat de WhatsApp con G1 acrilica Fernando  Pedro G/IMG-20260505-WA0064.jpg",
        "foto_despues": "Datos Grupos Terreno/Chat de WhatsApp con G1 acrilica Fernando  Pedro G/IMG-20260505-WA0069.jpg",
        "nombre_foto_antes": "IMG-20260505-WA0064.jpg",
        "nombre_foto_despues": "IMG-20260505-WA0069.jpg",
        "total_fotos": 2,
        "observaciones": ""
      }
    },
    {
      "type": "Feature",
      "geometry": {
        "type": "Point",
        "coordinates": [
          -72.58971405029297,
          -38.74281692504883
        ]
      },
      "properties": {
        "id": "G1-20260505-0114",
        "nombre": "Señalética Vial",
        "fecha": "2026-05-05",
        "fecha_display": "5/5/2026",
        "hora": "10:52",
        "cuadrilla": "GRUPO 1",
        "tipo": "Mantención de Señalética",
        "foto_antes": "Datos Grupos Terreno/Chat de WhatsApp con G1 acrilica Fernando  Pedro G/IMG-20260505-WA0073.jpg",
        "foto_despues": "Datos Grupos Terreno/Chat de WhatsApp con G1 acrilica Fernando  Pedro G/IMG-20260505-WA0075.jpg",
        "nombre_foto_antes": "IMG-20260505-WA0073.jpg",
        "nombre_foto_despues": "IMG-20260505-WA0075.jpg",
        "total_fotos": 2,
        "observaciones": ""
      }
    },
    {
      "type": "Feature",
      "geometry": {
        "type": "Point",
        "coordinates": [
          -72.59008026123047,
          -38.742671966552734
        ]
      },
      "properties": {
        "id": "G1-20260505-0115",
        "nombre": "Señalética Vial",
        "fecha": "2026-05-05",
        "fecha_display": "5/5/2026",
        "hora": "11:00",
        "cuadrilla": "GRUPO 1",
        "tipo": "Mantención de Señalética",
        "foto_antes": "Datos Grupos Terreno/Chat de WhatsApp con G1 acrilica Fernando  Pedro G/IMG-20260505-WA0077.jpg",
        "foto_despues": "Datos Grupos Terreno/Chat de WhatsApp con G1 acrilica Fernando  Pedro G/IMG-20260505-WA0079.jpg",
        "nombre_foto_antes": "IMG-20260505-WA0077.jpg",
        "nombre_foto_despues": "IMG-20260505-WA0079.jpg",
        "total_fotos": 2,
        "observaciones": ""
      }
    },
    {
      "type": "Feature",
      "geometry": {
        "type": "Point",
        "coordinates": [
          -72.58997344970703,
          -38.74275588989258
        ]
      },
      "properties": {
        "id": "G1-20260505-0116",
        "nombre": "Señalética Vial",
        "fecha": "2026-05-05",
        "fecha_display": "5/5/2026",
        "hora": "11:03",
        "cuadrilla": "GRUPO 1",
        "tipo": "Mantención de Señalética",
        "foto_antes": "Datos Grupos Terreno/Chat de WhatsApp con G1 acrilica Fernando  Pedro G/IMG-20260505-WA0082.jpg",
        "foto_despues": "Datos Grupos Terreno/Chat de WhatsApp con G1 acrilica Fernando  Pedro G/IMG-20260505-WA0087.jpg",
        "nombre_foto_antes": "IMG-20260505-WA0082.jpg",
        "nombre_foto_despues": "IMG-20260505-WA0087.jpg",
        "total_fotos": 2,
        "observaciones": ""
      }
    },
    {
      "type": "Feature",
      "geometry": {
        "type": "Point",
        "coordinates": [
          -72.59105682373047,
          -38.74254608154297
        ]
      },
      "properties": {
        "id": "G1-20260505-0117",
        "nombre": "Señalética Vial",
        "fecha": "2026-05-05",
        "fecha_display": "5/5/2026",
        "hora": "11:11",
        "cuadrilla": "GRUPO 1",
        "tipo": "Mantención de Señalética",
        "foto_antes": "Datos Grupos Terreno/Chat de WhatsApp con G1 acrilica Fernando  Pedro G/IMG-20260505-WA0088.jpg",
        "foto_despues": "Datos Grupos Terreno/Chat de WhatsApp con G1 acrilica Fernando  Pedro G/IMG-20260505-WA0091.jpg",
        "nombre_foto_antes": "IMG-20260505-WA0088.jpg",
        "nombre_foto_despues": "IMG-20260505-WA0091.jpg",
        "total_fotos": 3,
        "observaciones": ""
      }
    },
    {
      "type": "Feature",
      "geometry": {
        "type": "Point",
        "coordinates": [
          -72.59143829345703,
          -38.74220657348633
        ]
      },
      "properties": {
        "id": "G1-20260505-0118",
        "nombre": "Señalética Vial",
        "fecha": "2026-05-05",
        "fecha_display": "5/5/2026",
        "hora": "11:16",
        "cuadrilla": "GRUPO 1",
        "tipo": "Mantención de Señalética",
        "foto_antes": "Datos Grupos Terreno/Chat de WhatsApp con G1 acrilica Fernando  Pedro G/IMG-20260505-WA0092.jpg",
        "foto_despues": "Datos Grupos Terreno/Chat de WhatsApp con G1 acrilica Fernando  Pedro G/IMG-20260505-WA0096.jpg",
        "nombre_foto_antes": "IMG-20260505-WA0092.jpg",
        "nombre_foto_despues": "IMG-20260505-WA0096.jpg",
        "total_fotos": 5,
        "observaciones": ""
      }
    },
    {
      "type": "Feature",
      "geometry": {
        "type": "Point",
        "coordinates": [
          -72.59307861328125,
          -38.742305755615234
        ]
      },
      "properties": {
        "id": "G1-20260505-0119",
        "nombre": "Señalética Vial",
        "fecha": "2026-05-05",
        "fecha_display": "5/5/2026",
        "hora": "11:27",
        "cuadrilla": "GRUPO 1",
        "tipo": "Mantención de Señalética",
        "foto_antes": "Datos Grupos Terreno/Chat de WhatsApp con G1 acrilica Fernando  Pedro G/IMG-20260505-WA0097.jpg",
        "foto_despues": "Datos Grupos Terreno/Chat de WhatsApp con G1 acrilica Fernando  Pedro G/IMG-20260505-WA0101.jpg",
        "nombre_foto_antes": "IMG-20260505-WA0097.jpg",
        "nombre_foto_despues": "IMG-20260505-WA0101.jpg",
        "total_fotos": 3,
        "observaciones": ""
      }
    },
    {
      "type": "Feature",
      "geometry": {
        "type": "Point",
        "coordinates": [
          -72.5936279296875,
          -38.742279052734375
        ]
      },
      "properties": {
        "id": "G1-20260505-0120",
        "nombre": "Señalética Vial",
        "fecha": "2026-05-05",
        "fecha_display": "5/5/2026",
        "hora": "11:32",
        "cuadrilla": "GRUPO 1",
        "tipo": "Mantención de Señalética",
        "foto_antes": "Datos Grupos Terreno/Chat de WhatsApp con G1 acrilica Fernando  Pedro G/IMG-20260505-WA0102.jpg",
        "foto_despues": "Datos Grupos Terreno/Chat de WhatsApp con G1 acrilica Fernando  Pedro G/IMG-20260505-WA0104.jpg",
        "nombre_foto_antes": "IMG-20260505-WA0102.jpg",
        "nombre_foto_despues": "IMG-20260505-WA0104.jpg",
        "total_fotos": 2,
        "observaciones": ""
      }
    },
    {
      "type": "Feature",
      "geometry": {
        "type": "Point",
        "coordinates": [
          -72.59405517578125,
          -38.74202346801758
        ]
      },
      "properties": {
        "id": "G1-20260505-0121",
        "nombre": "Señalética Vial",
        "fecha": "2026-05-05",
        "fecha_display": "5/5/2026",
        "hora": "11:34",
        "cuadrilla": "GRUPO 1",
        "tipo": "Mantención de Señalética",
        "foto_antes": "Datos Grupos Terreno/Chat de WhatsApp con G1 acrilica Fernando  Pedro G/IMG-20260505-WA0107.jpg",
        "foto_despues": "Datos Grupos Terreno/Chat de WhatsApp con G1 acrilica Fernando  Pedro G/IMG-20260505-WA0113.jpg",
        "nombre_foto_antes": "IMG-20260505-WA0107.jpg",
        "nombre_foto_despues": "IMG-20260505-WA0113.jpg",
        "total_fotos": 2,
        "observaciones": ""
      }
    },
    {
      "type": "Feature",
      "geometry": {
        "type": "Point",
        "coordinates": [
          -72.59540557861328,
          -38.741756439208984
        ]
      },
      "properties": {
        "id": "G1-20260505-0122",
        "nombre": "Señalética Vial",
        "fecha": "2026-05-05",
        "fecha_display": "5/5/2026",
        "hora": "11:38",
        "cuadrilla": "GRUPO 1",
        "tipo": "Mantención de Señalética",
        "foto_antes": "Datos Grupos Terreno/Chat de WhatsApp con G1 acrilica Fernando  Pedro G/IMG-20260505-WA0114.jpg",
        "foto_despues": "",
        "nombre_foto_antes": "IMG-20260505-WA0114.jpg",
        "nombre_foto_despues": "",
        "total_fotos": 1,
        "observaciones": ""
      }
    },
    {
      "type": "Feature",
      "geometry": {
        "type": "Point",
        "coordinates": [
          -72.5953897,
          -38.7418437
        ]
      },
      "properties": {
        "id": "G1-20260505-0123",
        "nombre": "Señalética Vial",
        "fecha": "2026-05-05",
        "fecha_display": "5/5/2026",
        "hora": "11:38",
        "cuadrilla": "GRUPO 1",
        "tipo": "Mantención de Señalética",
        "foto_antes": "Datos Grupos Terreno/Chat de WhatsApp con G1 acrilica Fernando  Pedro G/IMG-20260505-WA0115.jpg",
        "foto_despues": "Datos Grupos Terreno/Chat de WhatsApp con G1 acrilica Fernando  Pedro G/IMG-20260505-WA0118.jpg",
        "nombre_foto_antes": "IMG-20260505-WA0115.jpg",
        "nombre_foto_despues": "IMG-20260505-WA0118.jpg",
        "total_fotos": 4,
        "observaciones": ""
      }
    },
    {
      "type": "Feature",
      "geometry": {
        "type": "Point",
        "coordinates": [
          -72.5950927734375,
          -38.7415771484375
        ]
      },
      "properties": {
        "id": "G1-20260505-0124",
        "nombre": "Señalética Vial",
        "fecha": "2026-05-05",
        "fecha_display": "5/5/2026",
        "hora": "11:41",
        "cuadrilla": "GRUPO 1",
        "tipo": "Mantención de Señalética",
        "foto_antes": "Datos Grupos Terreno/Chat de WhatsApp con G1 acrilica Fernando  Pedro G/IMG-20260505-WA0120.jpg",
        "foto_despues": "Datos Grupos Terreno/Chat de WhatsApp con G1 acrilica Fernando  Pedro G/IMG-20260505-WA0121.jpg",
        "nombre_foto_antes": "IMG-20260505-WA0120.jpg",
        "nombre_foto_despues": "IMG-20260505-WA0121.jpg",
        "total_fotos": 2,
        "observaciones": ""
      }
    },
    {
      "type": "Feature",
      "geometry": {
        "type": "Point",
        "coordinates": [
          -72.59526824951172,
          -38.74151611328125
        ]
      },
      "properties": {
        "id": "G1-20260505-0125",
        "nombre": "Señalética Vial",
        "fecha": "2026-05-05",
        "fecha_display": "5/5/2026",
        "hora": "11:42",
        "cuadrilla": "GRUPO 1",
        "tipo": "Mantención de Señalética",
        "foto_antes": "Datos Grupos Terreno/Chat de WhatsApp con G1 acrilica Fernando  Pedro G/IMG-20260505-WA0122.jpg",
        "foto_despues": "Datos Grupos Terreno/Chat de WhatsApp con G1 acrilica Fernando  Pedro G/IMG-20260505-WA0123.jpg",
        "nombre_foto_antes": "IMG-20260505-WA0122.jpg",
        "nombre_foto_despues": "IMG-20260505-WA0123.jpg",
        "total_fotos": 2,
        "observaciones": ""
      }
    },
    {
      "type": "Feature",
      "geometry": {
        "type": "Point",
        "coordinates": [
          -72.5963134765625,
          -38.74177551269531
        ]
      },
      "properties": {
        "id": "G1-20260505-0126",
        "nombre": "Señalética Vial",
        "fecha": "2026-05-05",
        "fecha_display": "5/5/2026",
        "hora": "11:46",
        "cuadrilla": "GRUPO 1",
        "tipo": "Mantención de Señalética",
        "foto_antes": "Datos Grupos Terreno/Chat de WhatsApp con G1 acrilica Fernando  Pedro G/IMG-20260505-WA0124.jpg",
        "foto_despues": "Datos Grupos Terreno/Chat de WhatsApp con G1 acrilica Fernando  Pedro G/IMG-20260505-WA0127.jpg",
        "nombre_foto_antes": "IMG-20260505-WA0124.jpg",
        "nombre_foto_despues": "IMG-20260505-WA0127.jpg",
        "total_fotos": 3,
        "observaciones": ""
      }
    },
    {
      "type": "Feature",
      "geometry": {
        "type": "Point",
        "coordinates": [
          -72.59649658203125,
          -38.741676330566406
        ]
      },
      "properties": {
        "id": "G1-20260505-0127",
        "nombre": "Señalética Vial",
        "fecha": "2026-05-05",
        "fecha_display": "5/5/2026",
        "hora": "11:50",
        "cuadrilla": "GRUPO 1",
        "tipo": "Mantención de Señalética",
        "foto_antes": "Datos Grupos Terreno/Chat de WhatsApp con G1 acrilica Fernando  Pedro G/IMG-20260505-WA0129.jpg",
        "foto_despues": "Datos Grupos Terreno/Chat de WhatsApp con G1 acrilica Fernando  Pedro G/IMG-20260505-WA0133.jpg",
        "nombre_foto_antes": "IMG-20260505-WA0129.jpg",
        "nombre_foto_despues": "IMG-20260505-WA0133.jpg",
        "total_fotos": 3,
        "observaciones": ""
      }
    },
    {
      "type": "Feature",
      "geometry": {
        "type": "Point",
        "coordinates": [
          -72.59800720214844,
          -38.74131393432617
        ]
      },
      "properties": {
        "id": "G1-20260505-0128",
        "nombre": "Señalética Vial",
        "fecha": "2026-05-05",
        "fecha_display": "5/5/2026",
        "hora": "11:57",
        "cuadrilla": "GRUPO 1",
        "tipo": "Mantención de Señalética",
        "foto_antes": "Datos Grupos Terreno/Chat de WhatsApp con G1 acrilica Fernando  Pedro G/IMG-20260505-WA0134.jpg",
        "foto_despues": "",
        "nombre_foto_antes": "IMG-20260505-WA0134.jpg",
        "nombre_foto_despues": "",
        "total_fotos": 1,
        "observaciones": ""
      }
    },
    {
      "type": "Feature",
      "geometry": {
        "type": "Point",
        "coordinates": [
          -72.5967467,
          -38.74164
        ]
      },
      "properties": {
        "id": "G1-20260505-0129",
        "nombre": "Señalética Vial",
        "fecha": "2026-05-05",
        "fecha_display": "5/5/2026",
        "hora": "11:57",
        "cuadrilla": "GRUPO 1",
        "tipo": "Mantención de Señalética",
        "foto_antes": "Datos Grupos Terreno/Chat de WhatsApp con G1 acrilica Fernando  Pedro G/IMG-20260505-WA0135.jpg",
        "foto_despues": "Datos Grupos Terreno/Chat de WhatsApp con G1 acrilica Fernando  Pedro G/IMG-20260505-WA0136.jpg",
        "nombre_foto_antes": "IMG-20260505-WA0135.jpg",
        "nombre_foto_despues": "IMG-20260505-WA0136.jpg",
        "total_fotos": 2,
        "observaciones": ""
      }
    },
    {
      "type": "Feature",
      "geometry": {
        "type": "Point",
        "coordinates": [
          -72.59786987304688,
          -38.74100112915039
        ]
      },
      "properties": {
        "id": "G1-20260505-0130",
        "nombre": "Señalética Vial",
        "fecha": "2026-05-05",
        "fecha_display": "5/5/2026",
        "hora": "11:59",
        "cuadrilla": "GRUPO 1",
        "tipo": "Mantención de Señalética",
        "foto_antes": "Datos Grupos Terreno/Chat de WhatsApp con G1 acrilica Fernando  Pedro G/IMG-20260505-WA0137.jpg",
        "foto_despues": "Datos Grupos Terreno/Chat de WhatsApp con G1 acrilica Fernando  Pedro G/IMG-20260505-WA0138.jpg",
        "nombre_foto_antes": "IMG-20260505-WA0137.jpg",
        "nombre_foto_despues": "IMG-20260505-WA0138.jpg",
        "total_fotos": 2,
        "observaciones": ""
      }
    },
    {
      "type": "Feature",
      "geometry": {
        "type": "Point",
        "coordinates": [
          -72.59834289550781,
          -38.74151611328125
        ]
      },
      "properties": {
        "id": "G1-20260505-0131",
        "nombre": "Señalética Vial",
        "fecha": "2026-05-05",
        "fecha_display": "5/5/2026",
        "hora": "12:02",
        "cuadrilla": "GRUPO 1",
        "tipo": "Mantención de Señalética",
        "foto_antes": "Datos Grupos Terreno/Chat de WhatsApp con G1 acrilica Fernando  Pedro G/IMG-20260505-WA0144.jpg",
        "foto_despues": "Datos Grupos Terreno/Chat de WhatsApp con G1 acrilica Fernando  Pedro G/IMG-20260505-WA0145.jpg",
        "nombre_foto_antes": "IMG-20260505-WA0144.jpg",
        "nombre_foto_despues": "IMG-20260505-WA0145.jpg",
        "total_fotos": 2,
        "observaciones": ""
      }
    },
    {
      "type": "Feature",
      "geometry": {
        "type": "Point",
        "coordinates": [
          -72.59878540039062,
          -38.74126434326172
        ]
      },
      "properties": {
        "id": "G1-20260505-0132",
        "nombre": "Señalética Vial",
        "fecha": "2026-05-05",
        "fecha_display": "5/5/2026",
        "hora": "12:09",
        "cuadrilla": "GRUPO 1",
        "tipo": "Mantención de Señalética",
        "foto_antes": "Datos Grupos Terreno/Chat de WhatsApp con G1 acrilica Fernando  Pedro G/IMG-20260505-WA0146.jpg",
        "foto_despues": "Datos Grupos Terreno/Chat de WhatsApp con G1 acrilica Fernando  Pedro G/IMG-20260505-WA0150.jpg",
        "nombre_foto_antes": "IMG-20260505-WA0146.jpg",
        "nombre_foto_despues": "IMG-20260505-WA0150.jpg",
        "total_fotos": 3,
        "observaciones": ""
      }
    },
    {
      "type": "Feature",
      "geometry": {
        "type": "Point",
        "coordinates": [
          -72.5999029,
          -38.7412451
        ]
      },
      "properties": {
        "id": "G1-20260505-0133",
        "nombre": "Señalética Vial",
        "fecha": "2026-05-05",
        "fecha_display": "5/5/2026",
        "hora": "12:21",
        "cuadrilla": "GRUPO 1",
        "tipo": "Mantención de Señalética",
        "foto_antes": "Datos Grupos Terreno/Chat de WhatsApp con G1 acrilica Fernando  Pedro G/IMG-20260505-WA0151.jpg",
        "foto_despues": "Datos Grupos Terreno/Chat de WhatsApp con G1 acrilica Fernando  Pedro G/IMG-20260505-WA0228.jpg",
        "nombre_foto_antes": "IMG-20260505-WA0151.jpg",
        "nombre_foto_despues": "IMG-20260505-WA0228.jpg",
        "total_fotos": 9,
        "observaciones": ""
      }
    },
    {
      "type": "Feature",
      "geometry": {
        "type": "Point",
        "coordinates": [
          -72.59300994873047,
          -38.74114227294922
        ]
      },
      "properties": {
        "id": "G1-20260506-0134",
        "nombre": "Señalética Vial",
        "fecha": "2026-05-06",
        "fecha_display": "6/5/2026",
        "hora": "08:20",
        "cuadrilla": "GRUPO 1",
        "tipo": "Mantención de Señalética",
        "foto_antes": "Datos Grupos Terreno/Chat de WhatsApp con G1 acrilica Fernando  Pedro G/IMG-20260505-WA0012.jpg",
        "foto_despues": "Datos Grupos Terreno/Chat de WhatsApp con G1 acrilica Fernando  Pedro G/IMG-20260506-WA0021.jpg",
        "nombre_foto_antes": "IMG-20260505-WA0012.jpg",
        "nombre_foto_despues": "IMG-20260506-WA0021.jpg",
        "total_fotos": 4,
        "observaciones": ""
      }
    },
    {
      "type": "Feature",
      "geometry": {
        "type": "Point",
        "coordinates": [
          -72.58966827392578,
          -38.73967742919922
        ]
      },
      "properties": {
        "id": "G1-20260506-0135",
        "nombre": "Señalética Vial",
        "fecha": "2026-05-06",
        "fecha_display": "6/5/2026",
        "hora": "10:03",
        "cuadrilla": "GRUPO 1",
        "tipo": "Mantención de Señalética",
        "foto_antes": "Datos Grupos Terreno/Chat de WhatsApp con G1 acrilica Fernando  Pedro G/IMG-20260506-WA0022.jpg",
        "foto_despues": "",
        "nombre_foto_antes": "IMG-20260506-WA0022.jpg",
        "nombre_foto_despues": "",
        "total_fotos": 1,
        "observaciones": ""
      }
    },
    {
      "type": "Feature",
      "geometry": {
        "type": "Point",
        "coordinates": [
          -72.59073638916016,
          -38.740394592285156
        ]
      },
      "properties": {
        "id": "G1-20260506-0136",
        "nombre": "Señalética Vial",
        "fecha": "2026-05-06",
        "fecha_display": "6/5/2026",
        "hora": "10:05",
        "cuadrilla": "GRUPO 1",
        "tipo": "Mantención de Señalética",
        "foto_antes": "Datos Grupos Terreno/Chat de WhatsApp con G1 acrilica Fernando  Pedro G/IMG-20260506-WA0026.jpg",
        "foto_despues": "Datos Grupos Terreno/Chat de WhatsApp con G1 acrilica Fernando  Pedro G/IMG-20260506-WA0095.jpg",
        "nombre_foto_antes": "IMG-20260506-WA0026.jpg",
        "nombre_foto_despues": "IMG-20260506-WA0095.jpg",
        "total_fotos": 11,
        "observaciones": ""
      }
    },
    {
      "type": "Feature",
      "geometry": {
        "type": "Point",
        "coordinates": [
          -72.55122375488281,
          -38.71015548706055
        ]
      },
      "properties": {
        "id": "G1-20260506-0137",
        "nombre": "Señalética Vial",
        "fecha": "2026-05-06",
        "fecha_display": "6/5/2026",
        "hora": "15:02",
        "cuadrilla": "GRUPO 1",
        "tipo": "Mantención de Señalética",
        "foto_antes": "Datos Grupos Terreno/Chat de WhatsApp con G1 acrilica Fernando  Pedro G/IMG-20260506-WA0096.jpg",
        "foto_despues": "Datos Grupos Terreno/Chat de WhatsApp con G1 acrilica Fernando  Pedro G/IMG-20260506-WA0097.jpg",
        "nombre_foto_antes": "IMG-20260506-WA0096.jpg",
        "nombre_foto_despues": "IMG-20260506-WA0097.jpg",
        "total_fotos": 2,
        "observaciones": ""
      }
    },
    {
      "type": "Feature",
      "geometry": {
        "type": "Point",
        "coordinates": [
          -72.55007934570312,
          -38.70872497558594
        ]
      },
      "properties": {
        "id": "G1-20260506-0138",
        "nombre": "Señalética Vial",
        "fecha": "2026-05-06",
        "fecha_display": "6/5/2026",
        "hora": "15:17",
        "cuadrilla": "GRUPO 1",
        "tipo": "Mantención de Señalética",
        "foto_antes": "Datos Grupos Terreno/Chat de WhatsApp con G1 acrilica Fernando  Pedro G/IMG-20260506-WA0098.jpg",
        "foto_despues": "Datos Grupos Terreno/Chat de WhatsApp con G1 acrilica Fernando  Pedro G/IMG-20260506-WA0112.jpg",
        "nombre_foto_antes": "IMG-20260506-WA0098.jpg",
        "nombre_foto_despues": "IMG-20260506-WA0112.jpg",
        "total_fotos": 9,
        "observaciones": ""
      }
    },
    {
      "type": "Feature",
      "geometry": {
        "type": "Point",
        "coordinates": [
          -72.55125427246094,
          -38.71018981933594
        ]
      },
      "properties": {
        "id": "G1-20260506-0139",
        "nombre": "Señalética Vial",
        "fecha": "2026-05-06",
        "fecha_display": "6/5/2026",
        "hora": "15:53",
        "cuadrilla": "GRUPO 1",
        "tipo": "Mantención de Señalética",
        "foto_antes": "Datos Grupos Terreno/Chat de WhatsApp con G1 acrilica Fernando  Pedro G/IMG-20260506-WA0114.jpg",
        "foto_despues": "Datos Grupos Terreno/Chat de WhatsApp con G1 acrilica Fernando  Pedro G/IMG-20260506-WA0120.jpg",
        "nombre_foto_antes": "IMG-20260506-WA0114.jpg",
        "nombre_foto_despues": "IMG-20260506-WA0120.jpg",
        "total_fotos": 2,
        "observaciones": ""
      }
    },
    {
      "type": "Feature",
      "geometry": {
        "type": "Point",
        "coordinates": [
          -72.58659362792969,
          -38.74230194091797
        ]
      },
      "properties": {
        "id": "G1-20260506-0140",
        "nombre": "Señalética Vial",
        "fecha": "2026-05-06",
        "fecha_display": "6/5/2026",
        "hora": "16:45",
        "cuadrilla": "GRUPO 1",
        "tipo": "Mantención de Señalética",
        "foto_antes": "Datos Grupos Terreno/Chat de WhatsApp con G1 acrilica Fernando  Pedro G/IMG-20260506-WA0124.jpg",
        "foto_despues": "",
        "nombre_foto_antes": "IMG-20260506-WA0124.jpg",
        "nombre_foto_despues": "",
        "total_fotos": 1,
        "observaciones": ""
      }
    },
    {
      "type": "Feature",
      "geometry": {
        "type": "Point",
        "coordinates": [
          -72.58614349365234,
          -38.74238586425781
        ]
      },
      "properties": {
        "id": "G1-20260506-0141",
        "nombre": "Señalética Vial",
        "fecha": "2026-05-06",
        "fecha_display": "6/5/2026",
        "hora": "17:27",
        "cuadrilla": "GRUPO 1",
        "tipo": "Mantención de Señalética",
        "foto_antes": "",
        "foto_despues": "",
        "nombre_foto_antes": "",
        "nombre_foto_despues": "",
        "total_fotos": 0,
        "observaciones": ""
      }
    },
    {
      "type": "Feature",
      "geometry": {
        "type": "Point",
        "coordinates": [
          -72.59043884277344,
          -38.740413665771484
        ]
      },
      "properties": {
        "id": "G1-20260507-0142",
        "nombre": "Señalética Vial",
        "fecha": "2026-05-07",
        "fecha_display": "7/5/2026",
        "hora": "09:16",
        "cuadrilla": "GRUPO 1",
        "tipo": "Mantención de Señalética",
        "foto_antes": "Datos Grupos Terreno/Chat de WhatsApp con G1 acrilica Fernando  Pedro G/IMG-20260507-WA0011.jpg",
        "foto_despues": "Datos Grupos Terreno/Chat de WhatsApp con G1 acrilica Fernando  Pedro G/IMG-20260507-WA0014.jpg",
        "nombre_foto_antes": "IMG-20260507-WA0011.jpg",
        "nombre_foto_despues": "IMG-20260507-WA0014.jpg",
        "total_fotos": 3,
        "observaciones": ""
      }
    },
    {
      "type": "Feature",
      "geometry": {
        "type": "Point",
        "coordinates": [
          -72.60441589355469,
          -38.740516662597656
        ]
      },
      "properties": {
        "id": "G1-20260507-0143",
        "nombre": "Señalética Vial",
        "fecha": "2026-05-07",
        "fecha_display": "7/5/2026",
        "hora": "09:39",
        "cuadrilla": "GRUPO 1",
        "tipo": "Mantención de Señalética",
        "foto_antes": "Datos Grupos Terreno/Chat de WhatsApp con G1 acrilica Fernando  Pedro G/IMG-20260507-WA0021.jpg",
        "foto_despues": "Datos Grupos Terreno/Chat de WhatsApp con G1 acrilica Fernando  Pedro G/IMG-20260507-WA0023.jpg",
        "nombre_foto_antes": "IMG-20260507-WA0021.jpg",
        "nombre_foto_despues": "IMG-20260507-WA0023.jpg",
        "total_fotos": 3,
        "observaciones": ""
      }
    },
    {
      "type": "Feature",
      "geometry": {
        "type": "Point",
        "coordinates": [
          -72.6044692993164,
          -38.740665435791016
        ]
      },
      "properties": {
        "id": "G1-20260507-0144",
        "nombre": "Señalética Vial",
        "fecha": "2026-05-07",
        "fecha_display": "7/5/2026",
        "hora": "09:57",
        "cuadrilla": "GRUPO 1",
        "tipo": "Mantención de Señalética",
        "foto_antes": "Datos Grupos Terreno/Chat de WhatsApp con G1 acrilica Fernando  Pedro G/IMG-20260504-WA0049.jpg",
        "foto_despues": "Datos Grupos Terreno/Chat de WhatsApp con G1 acrilica Fernando  Pedro G/IMG-20260507-WA0058.jpg",
        "nombre_foto_antes": "IMG-20260504-WA0049.jpg",
        "nombre_foto_despues": "IMG-20260507-WA0058.jpg",
        "total_fotos": 4,
        "observaciones": ""
      }
    },
    {
      "type": "Feature",
      "geometry": {
        "type": "Point",
        "coordinates": [
          -72.62930297851562,
          -38.7254753112793
        ]
      },
      "properties": {
        "id": "G1-20260507-0145",
        "nombre": "Señalética Vial",
        "fecha": "2026-05-07",
        "fecha_display": "7/5/2026",
        "hora": "12:19",
        "cuadrilla": "GRUPO 1",
        "tipo": "Mantención de Señalética",
        "foto_antes": "Datos Grupos Terreno/Chat de WhatsApp con G1 acrilica Fernando  Pedro G/IMG-20260507-WA0070.jpg",
        "foto_despues": "Datos Grupos Terreno/Chat de WhatsApp con G1 acrilica Fernando  Pedro G/IMG-20260507-WA0074.jpg",
        "nombre_foto_antes": "IMG-20260507-WA0070.jpg",
        "nombre_foto_despues": "IMG-20260507-WA0074.jpg",
        "total_fotos": 3,
        "observaciones": ""
      }
    },
    {
      "type": "Feature",
      "geometry": {
        "type": "Point",
        "coordinates": [
          -72.63311767578125,
          -38.72404861450195
        ]
      },
      "properties": {
        "id": "G1-20260507-0146",
        "nombre": "Señalética Vial",
        "fecha": "2026-05-07",
        "fecha_display": "7/5/2026",
        "hora": "12:58",
        "cuadrilla": "GRUPO 1",
        "tipo": "Mantención de Señalética",
        "foto_antes": "Datos Grupos Terreno/Chat de WhatsApp con G1 acrilica Fernando  Pedro G/IMG-20260424-WA0109.jpg",
        "foto_despues": "Datos Grupos Terreno/Chat de WhatsApp con G1 acrilica Fernando  Pedro G/IMG-20260507-WA0093.jpg",
        "nombre_foto_antes": "IMG-20260424-WA0109.jpg",
        "nombre_foto_despues": "IMG-20260507-WA0093.jpg",
        "total_fotos": 4,
        "observaciones": ""
      }
    },
    {
      "type": "Feature",
      "geometry": {
        "type": "Point",
        "coordinates": [
          -72.59504699707031,
          -38.7407341003418
        ]
      },
      "properties": {
        "id": "G1-20260507-0147",
        "nombre": "Señalética Vial",
        "fecha": "2026-05-07",
        "fecha_display": "7/5/2026",
        "hora": "15:45",
        "cuadrilla": "GRUPO 1",
        "tipo": "Mantención de Señalética",
        "foto_antes": "Datos Grupos Terreno/Chat de WhatsApp con G1 acrilica Fernando  Pedro G/IMG-20260507-WA0094.jpg",
        "foto_despues": "Datos Grupos Terreno/Chat de WhatsApp con G1 acrilica Fernando  Pedro G/IMG-20260507-WA0117.jpg",
        "nombre_foto_antes": "IMG-20260507-WA0094.jpg",
        "nombre_foto_despues": "IMG-20260507-WA0117.jpg",
        "total_fotos": 2,
        "observaciones": ""
      }
    },
    {
      "type": "Feature",
      "geometry": {
        "type": "Point",
        "coordinates": [
          -72.58402252197266,
          -38.74064254760742
        ]
      },
      "properties": {
        "id": "G1-20260507-0148",
        "nombre": "Señalética Vial",
        "fecha": "2026-05-07",
        "fecha_display": "7/5/2026",
        "hora": "16:45",
        "cuadrilla": "GRUPO 1",
        "tipo": "Mantención de Señalética",
        "foto_antes": "Datos Grupos Terreno/Chat de WhatsApp con G1 acrilica Fernando  Pedro G/IMG-20260507-WA0118.jpg",
        "foto_despues": "",
        "nombre_foto_antes": "IMG-20260507-WA0118.jpg",
        "nombre_foto_despues": "",
        "total_fotos": 1,
        "observaciones": ""
      }
    },
    {
      "type": "Feature",
      "geometry": {
        "type": "Point",
        "coordinates": [
          -72.58248901367188,
          -38.73957061767578
        ]
      },
      "properties": {
        "id": "G1-20260507-0149",
        "nombre": "Señalética Vial",
        "fecha": "2026-05-07",
        "fecha_display": "7/5/2026",
        "hora": "16:49",
        "cuadrilla": "GRUPO 1",
        "tipo": "Mantención de Señalética",
        "foto_antes": "Datos Grupos Terreno/Chat de WhatsApp con G1 acrilica Fernando  Pedro G/IMG-20260507-WA0119.jpg",
        "foto_despues": "Datos Grupos Terreno/Chat de WhatsApp con G1 acrilica Fernando  Pedro G/IMG-20260507-WA0120.jpg",
        "nombre_foto_antes": "IMG-20260507-WA0119.jpg",
        "nombre_foto_despues": "IMG-20260507-WA0120.jpg",
        "total_fotos": 2,
        "observaciones": ""
      }
    },
    {
      "type": "Feature",
      "geometry": {
        "type": "Point",
        "coordinates": [
          -72.58271026611328,
          -38.739498138427734
        ]
      },
      "properties": {
        "id": "G1-20260507-0150",
        "nombre": "Señalética Vial",
        "fecha": "2026-05-07",
        "fecha_display": "7/5/2026",
        "hora": "17:05",
        "cuadrilla": "GRUPO 1",
        "tipo": "Mantención de Señalética",
        "foto_antes": "Datos Grupos Terreno/Chat de WhatsApp con G1 acrilica Fernando  Pedro G/IMG-20260507-WA0121.jpg",
        "foto_despues": "Datos Grupos Terreno/Chat de WhatsApp con G1 acrilica Fernando  Pedro G/IMG-20260507-WA0125.jpg",
        "nombre_foto_antes": "IMG-20260507-WA0121.jpg",
        "nombre_foto_despues": "IMG-20260507-WA0125.jpg",
        "total_fotos": 3,
        "observaciones": ""
      }
    },
    {
      "type": "Feature",
      "geometry": {
        "type": "Point",
        "coordinates": [
          -72.58232879638672,
          -38.73947525024414
        ]
      },
      "properties": {
        "id": "G1-20260507-0151",
        "nombre": "Señalética Vial",
        "fecha": "2026-05-07",
        "fecha_display": "7/5/2026",
        "hora": "17:17",
        "cuadrilla": "GRUPO 1",
        "tipo": "Mantención de Señalética",
        "foto_antes": "Datos Grupos Terreno/Chat de WhatsApp con G1 acrilica Fernando  Pedro G/IMG-20260507-WA0126.jpg",
        "foto_despues": "Datos Grupos Terreno/Chat de WhatsApp con G1 acrilica Fernando  Pedro G/IMG-20260507-WA0127.jpg",
        "nombre_foto_antes": "IMG-20260507-WA0126.jpg",
        "nombre_foto_despues": "IMG-20260507-WA0127.jpg",
        "total_fotos": 2,
        "observaciones": ""
      }
    },
    {
      "type": "Feature",
      "geometry": {
        "type": "Point",
        "coordinates": [
          -72.58405303955078,
          -38.74055480957031
        ]
      },
      "properties": {
        "id": "G1-20260508-0152",
        "nombre": "Señalética Vial",
        "fecha": "2026-05-08",
        "fecha_display": "8/5/2026",
        "hora": "08:11",
        "cuadrilla": "GRUPO 1",
        "tipo": "Mantención de Señalética",
        "foto_antes": "Datos Grupos Terreno/Chat de WhatsApp con G1 acrilica Fernando  Pedro G/IMG-20260504-WA0185.jpg",
        "foto_despues": "Datos Grupos Terreno/Chat de WhatsApp con G1 acrilica Fernando  Pedro G/IMG-20260508-WA0064.jpg",
        "nombre_foto_antes": "IMG-20260504-WA0185.jpg",
        "nombre_foto_despues": "IMG-20260508-WA0064.jpg",
        "total_fotos": 19,
        "observaciones": ""
      }
    },
    {
      "type": "Feature",
      "geometry": {
        "type": "Point",
        "coordinates": [
          -72.59296417236328,
          -38.741172790527344
        ]
      },
      "properties": {
        "id": "G1-20260508-0153",
        "nombre": "Señalética Vial",
        "fecha": "2026-05-08",
        "fecha_display": "8/5/2026",
        "hora": "12:20",
        "cuadrilla": "GRUPO 1",
        "tipo": "Mantención de Señalética",
        "foto_antes": "Datos Grupos Terreno/Chat de WhatsApp con G1 acrilica Fernando  Pedro G/IMG-20260508-WA0066.jpg",
        "foto_despues": "",
        "nombre_foto_antes": "IMG-20260508-WA0066.jpg",
        "nombre_foto_despues": "",
        "total_fotos": 1,
        "observaciones": ""
      }
    },
    {
      "type": "Feature",
      "geometry": {
        "type": "Point",
        "coordinates": [
          -72.59201049804688,
          -38.7411994934082
        ]
      },
      "properties": {
        "id": "G1-20260508-0154",
        "nombre": "Señalética Vial",
        "fecha": "2026-05-08",
        "fecha_display": "8/5/2026",
        "hora": "12:26",
        "cuadrilla": "GRUPO 1",
        "tipo": "Mantención de Señalética",
        "foto_antes": "Datos Grupos Terreno/Chat de WhatsApp con G1 acrilica Fernando  Pedro G/IMG-20260508-WA0128.jpg",
        "foto_despues": "Datos Grupos Terreno/Chat de WhatsApp con G1 acrilica Fernando  Pedro G/IMG-20260508-WA0143.jpg",
        "nombre_foto_antes": "IMG-20260508-WA0128.jpg",
        "nombre_foto_despues": "IMG-20260508-WA0143.jpg",
        "total_fotos": 4,
        "observaciones": ""
      }
    },
    {
      "type": "Feature",
      "geometry": {
        "type": "Point",
        "coordinates": [
          -72.63319396972656,
          -38.72412109375
        ]
      },
      "properties": {
        "id": "G1-20260508-0155",
        "nombre": "Señalética Vial",
        "fecha": "2026-05-08",
        "fecha_display": "8/5/2026",
        "hora": "16:45",
        "cuadrilla": "GRUPO 1",
        "tipo": "Mantención de Señalética",
        "foto_antes": "Datos Grupos Terreno/Chat de WhatsApp con G1 acrilica Fernando  Pedro G/IMG-20260508-WA0150.jpg",
        "foto_despues": "Datos Grupos Terreno/Chat de WhatsApp con G1 acrilica Fernando  Pedro G/IMG-20260508-WA0163.jpg",
        "nombre_foto_antes": "IMG-20260508-WA0150.jpg",
        "nombre_foto_despues": "IMG-20260508-WA0163.jpg",
        "total_fotos": 4,
        "observaciones": ""
      }
    },
    {
      "type": "Feature",
      "geometry": {
        "type": "Point",
        "coordinates": [
          -72.57970428466797,
          -38.73994064331055
        ]
      },
      "properties": {
        "id": "G1-20260511-0156",
        "nombre": "Señalética Vial",
        "fecha": "2026-05-11",
        "fecha_display": "11/5/2026",
        "hora": "09:24",
        "cuadrilla": "GRUPO 1",
        "tipo": "Mantención de Señalética",
        "foto_antes": "Datos Grupos Terreno/Chat de WhatsApp con G1 acrilica Fernando  Pedro G/IMG-20260511-WA0006.jpg",
        "foto_despues": "Datos Grupos Terreno/Chat de WhatsApp con G1 acrilica Fernando  Pedro G/IMG-20260511-WA0135.jpg",
        "nombre_foto_antes": "IMG-20260511-WA0006.jpg",
        "nombre_foto_despues": "IMG-20260511-WA0135.jpg",
        "total_fotos": 9,
        "observaciones": ""
      }
    },
    {
      "type": "Feature",
      "geometry": {
        "type": "Point",
        "coordinates": [
          -72.6102523803711,
          -38.724945068359375
        ]
      },
      "properties": {
        "id": "G1-20260511-0157",
        "nombre": "Señalética Vial",
        "fecha": "2026-05-11",
        "fecha_display": "11/5/2026",
        "hora": "17:55",
        "cuadrilla": "GRUPO 1",
        "tipo": "Mantención de Señalética",
        "foto_antes": "Datos Grupos Terreno/Chat de WhatsApp con G1 acrilica Fernando  Pedro G/IMG-20260511-WA0137.jpg",
        "foto_despues": "Datos Grupos Terreno/Chat de WhatsApp con G1 acrilica Fernando  Pedro G/IMG-20260511-WA0143.jpg",
        "nombre_foto_antes": "IMG-20260511-WA0137.jpg",
        "nombre_foto_despues": "IMG-20260511-WA0143.jpg",
        "total_fotos": 2,
        "observaciones": ""
      }
    },
    {
      "type": "Feature",
      "geometry": {
        "type": "Point",
        "coordinates": [
          -72.6105783,
          -38.72469
        ]
      },
      "properties": {
        "id": "G1-20260512-0158",
        "nombre": "Señalética Vial",
        "fecha": "2026-05-12",
        "fecha_display": "12/5/2026",
        "hora": "09:42",
        "cuadrilla": "GRUPO 1",
        "tipo": "Mantención de Señalética",
        "foto_antes": "Datos Grupos Terreno/Chat de WhatsApp con G1 acrilica Fernando  Pedro G/IMG-20260512-WA0021.jpg",
        "foto_despues": "Datos Grupos Terreno/Chat de WhatsApp con G1 acrilica Fernando  Pedro G/IMG-20260512-WA0107.jpg",
        "nombre_foto_antes": "IMG-20260512-WA0021.jpg",
        "nombre_foto_despues": "IMG-20260512-WA0107.jpg",
        "total_fotos": 5,
        "observaciones": ""
      }
    },
    {
      "type": "Feature",
      "geometry": {
        "type": "Point",
        "coordinates": [
          -72.62596130371094,
          -38.753902435302734
        ]
      },
      "properties": {
        "id": "G1-20260512-0159",
        "nombre": "Señalética Vial",
        "fecha": "2026-05-12",
        "fecha_display": "12/5/2026",
        "hora": "15:50",
        "cuadrilla": "GRUPO 1",
        "tipo": "Mantención de Señalética",
        "foto_antes": "Datos Grupos Terreno/Chat de WhatsApp con G1 acrilica Fernando  Pedro G/IMG-20260512-WA0114.jpg",
        "foto_despues": "",
        "nombre_foto_antes": "IMG-20260512-WA0114.jpg",
        "nombre_foto_despues": "",
        "total_fotos": 1,
        "observaciones": ""
      }
    },
    {
      "type": "Feature",
      "geometry": {
        "type": "Point",
        "coordinates": [
          -72.62594604492188,
          -38.75394821166992
        ]
      },
      "properties": {
        "id": "G1-20260512-0160",
        "nombre": "Señalética Vial",
        "fecha": "2026-05-12",
        "fecha_display": "12/5/2026",
        "hora": "16:29",
        "cuadrilla": "GRUPO 1",
        "tipo": "Mantención de Señalética",
        "foto_antes": "Datos Grupos Terreno/Chat de WhatsApp con G1 acrilica Fernando  Pedro G/IMG-20260512-WA0159.jpg",
        "foto_despues": "",
        "nombre_foto_antes": "IMG-20260512-WA0159.jpg",
        "nombre_foto_despues": "",
        "total_fotos": 1,
        "observaciones": ""
      }
    },
    {
      "type": "Feature",
      "geometry": {
        "type": "Point",
        "coordinates": [
          -72.62694549560547,
          -38.75393295288086
        ]
      },
      "properties": {
        "id": "G1-20260513-0161",
        "nombre": "Señalética Vial",
        "fecha": "2026-05-13",
        "fecha_display": "13/5/2026",
        "hora": "09:17",
        "cuadrilla": "GRUPO 1",
        "tipo": "Mantención de Señalética",
        "foto_antes": "Datos Grupos Terreno/Chat de WhatsApp con G1 acrilica Fernando  Pedro G/IMG-20260513-WA0016.jpg",
        "foto_despues": "Datos Grupos Terreno/Chat de WhatsApp con G1 acrilica Fernando  Pedro G/IMG-20260513-WA0055.jpg",
        "nombre_foto_antes": "IMG-20260513-WA0016.jpg",
        "nombre_foto_despues": "IMG-20260513-WA0055.jpg",
        "total_fotos": 10,
        "observaciones": ""
      }
    },
    {
      "type": "Feature",
      "geometry": {
        "type": "Point",
        "coordinates": [
          -72.6268539428711,
          -38.75404357910156
        ]
      },
      "properties": {
        "id": "G1-20260513-0162",
        "nombre": "Señalética Vial",
        "fecha": "2026-05-13",
        "fecha_display": "13/5/2026",
        "hora": "11:27",
        "cuadrilla": "GRUPO 1",
        "tipo": "Mantención de Señalética",
        "foto_antes": "Datos Grupos Terreno/Chat de WhatsApp con G1 acrilica Fernando  Pedro G/IMG-20260513-WA0059.jpg",
        "foto_despues": "",
        "nombre_foto_antes": "IMG-20260513-WA0059.jpg",
        "nombre_foto_despues": "",
        "total_fotos": 1,
        "observaciones": ""
      }
    },
    {
      "type": "Feature",
      "geometry": {
        "type": "Point",
        "coordinates": [
          -72.62639617919922,
          -38.753849029541016
        ]
      },
      "properties": {
        "id": "G1-20260513-0163",
        "nombre": "Señalética Vial",
        "fecha": "2026-05-13",
        "fecha_display": "13/5/2026",
        "hora": "11:38",
        "cuadrilla": "GRUPO 1",
        "tipo": "Mantención de Señalética",
        "foto_antes": "Datos Grupos Terreno/Chat de WhatsApp con G1 acrilica Fernando  Pedro G/IMG-20260513-WA0073.jpg",
        "foto_despues": "Datos Grupos Terreno/Chat de WhatsApp con G1 acrilica Fernando  Pedro G/IMG-20260513-WA0097.jpg",
        "nombre_foto_antes": "IMG-20260513-WA0073.jpg",
        "nombre_foto_despues": "IMG-20260513-WA0097.jpg",
        "total_fotos": 2,
        "observaciones": ""
      }
    },
    {
      "type": "Feature",
      "geometry": {
        "type": "Point",
        "coordinates": [
          -72.62718963623047,
          -38.754268646240234
        ]
      },
      "properties": {
        "id": "G1-20260513-0164",
        "nombre": "Señalética Vial",
        "fecha": "2026-05-13",
        "fecha_display": "13/5/2026",
        "hora": "12:35",
        "cuadrilla": "GRUPO 1",
        "tipo": "Mantención de Señalética",
        "foto_antes": "Datos Grupos Terreno/Chat de WhatsApp con G1 acrilica Fernando  Pedro G/IMG-20260513-WA0105.jpg",
        "foto_despues": "Datos Grupos Terreno/Chat de WhatsApp con G1 acrilica Fernando  Pedro G/IMG-20260513-WA0240.jpg",
        "nombre_foto_antes": "IMG-20260513-WA0105.jpg",
        "nombre_foto_despues": "IMG-20260513-WA0240.jpg",
        "total_fotos": 8,
        "observaciones": ""
      }
    },
    {
      "type": "Feature",
      "geometry": {
        "type": "Point",
        "coordinates": [
          -72.59087371826172,
          -38.734100341796875
        ]
      },
      "properties": {
        "id": "G1-20260514-0165",
        "nombre": "Señalética Vial",
        "fecha": "2026-05-14",
        "fecha_display": "14/5/2026",
        "hora": "08:29",
        "cuadrilla": "GRUPO 1",
        "tipo": "Mantención de Señalética",
        "foto_antes": "Datos Grupos Terreno/Chat de WhatsApp con G1 acrilica Fernando  Pedro G/IMG-20260514-WA0011.jpg",
        "foto_despues": "Datos Grupos Terreno/Chat de WhatsApp con G1 acrilica Fernando  Pedro G/IMG-20260514-WA0215.jpg",
        "nombre_foto_antes": "IMG-20260514-WA0011.jpg",
        "nombre_foto_despues": "IMG-20260514-WA0215.jpg",
        "total_fotos": 14,
        "observaciones": ""
      }
    },
    {
      "type": "Feature",
      "geometry": {
        "type": "Point",
        "coordinates": [
          -72.59602355957031,
          -38.733177185058594
        ]
      },
      "properties": {
        "id": "G1-20260514-0166",
        "nombre": "Señalética Vial",
        "fecha": "2026-05-14",
        "fecha_display": "14/5/2026",
        "hora": "15:56",
        "cuadrilla": "GRUPO 1",
        "tipo": "Mantención de Señalética",
        "foto_antes": "Datos Grupos Terreno/Chat de WhatsApp con G1 acrilica Fernando  Pedro G/IMG-20260514-WA0216.jpg",
        "foto_despues": "Datos Grupos Terreno/Chat de WhatsApp con G1 acrilica Fernando  Pedro G/IMG-20260514-WA0226.jpg",
        "nombre_foto_antes": "IMG-20260514-WA0216.jpg",
        "nombre_foto_despues": "IMG-20260514-WA0226.jpg",
        "total_fotos": 5,
        "observaciones": ""
      }
    },
    {
      "type": "Feature",
      "geometry": {
        "type": "Point",
        "coordinates": [
          -72.59711456298828,
          -38.733150482177734
        ]
      },
      "properties": {
        "id": "G1-20260514-0167",
        "nombre": "Señalética Vial",
        "fecha": "2026-05-14",
        "fecha_display": "14/5/2026",
        "hora": "16:27",
        "cuadrilla": "GRUPO 1",
        "tipo": "Mantención de Señalética",
        "foto_antes": "Datos Grupos Terreno/Chat de WhatsApp con G1 acrilica Fernando  Pedro G/IMG-20260514-WA0251.jpg",
        "foto_despues": "Datos Grupos Terreno/Chat de WhatsApp con G1 acrilica Fernando  Pedro G/IMG-20260514-WA0278.jpg",
        "nombre_foto_antes": "IMG-20260514-WA0251.jpg",
        "nombre_foto_despues": "IMG-20260514-WA0278.jpg",
        "total_fotos": 2,
        "observaciones": ""
      }
    },
    {
      "type": "Feature",
      "geometry": {
        "type": "Point",
        "coordinates": [
          -72.61043548583984,
          -38.729061126708984
        ]
      },
      "properties": {
        "id": "G1-20260518-0168",
        "nombre": "Señalética Vial",
        "fecha": "2026-05-18",
        "fecha_display": "18/5/2026",
        "hora": "07:33",
        "cuadrilla": "GRUPO 1",
        "tipo": "Mantención de Señalética",
        "foto_antes": "Datos Grupos Terreno/Chat de WhatsApp con G1 acrilica Fernando  Pedro G/IMG-20260518-WA0005.jpg",
        "foto_despues": "Datos Grupos Terreno/Chat de WhatsApp con G1 acrilica Fernando  Pedro G/IMG-20260518-WA0056.jpg",
        "nombre_foto_antes": "IMG-20260518-WA0005.jpg",
        "nombre_foto_despues": "IMG-20260518-WA0056.jpg",
        "total_fotos": 9,
        "observaciones": ""
      }
    },
    {
      "type": "Feature",
      "geometry": {
        "type": "Point",
        "coordinates": [
          -72.6099624633789,
          -38.728302001953125
        ]
      },
      "properties": {
        "id": "G1-20260518-0169",
        "nombre": "Señalética Vial",
        "fecha": "2026-05-18",
        "fecha_display": "18/5/2026",
        "hora": "11:23",
        "cuadrilla": "GRUPO 1",
        "tipo": "Mantención de Señalética",
        "foto_antes": "Datos Grupos Terreno/Chat de WhatsApp con G1 acrilica Fernando  Pedro G/IMG-20260518-WA0061.jpg",
        "foto_despues": "Datos Grupos Terreno/Chat de WhatsApp con G1 acrilica Fernando  Pedro G/IMG-20260518-WA0086.jpg",
        "nombre_foto_antes": "IMG-20260518-WA0061.jpg",
        "nombre_foto_despues": "IMG-20260518-WA0086.jpg",
        "total_fotos": 5,
        "observaciones": ""
      }
    },
    {
      "type": "Feature",
      "geometry": {
        "type": "Point",
        "coordinates": [
          -72.60266876220703,
          -38.72722625732422
        ]
      },
      "properties": {
        "id": "G1-20260518-0170",
        "nombre": "Señalética Vial",
        "fecha": "2026-05-18",
        "fecha_display": "18/5/2026",
        "hora": "12:28",
        "cuadrilla": "GRUPO 1",
        "tipo": "Mantención de Señalética",
        "foto_antes": "Datos Grupos Terreno/Chat de WhatsApp con G1 acrilica Fernando  Pedro G/IMG-20260518-WA0087.jpg",
        "foto_despues": "Datos Grupos Terreno/Chat de WhatsApp con G1 acrilica Fernando  Pedro G/IMG-20260518-WA0152.jpg",
        "nombre_foto_antes": "IMG-20260518-WA0087.jpg",
        "nombre_foto_despues": "IMG-20260518-WA0152.jpg",
        "total_fotos": 3,
        "observaciones": ""
      }
    },
    {
      "type": "Feature",
      "geometry": {
        "type": "Point",
        "coordinates": [
          -72.6272286,
          -38.7539085
        ]
      },
      "properties": {
        "id": "G1-20260518-0171",
        "nombre": "Señalética Vial",
        "fecha": "2026-05-18",
        "fecha_display": "18/5/2026",
        "hora": "16:04",
        "cuadrilla": "GRUPO 1",
        "tipo": "Mantención de Señalética",
        "foto_antes": "Datos Grupos Terreno/Chat de WhatsApp con G1 acrilica Fernando  Pedro G/IMG-20260518-WA0190.jpg",
        "foto_despues": "",
        "nombre_foto_antes": "IMG-20260518-WA0190.jpg",
        "nombre_foto_despues": "",
        "total_fotos": 1,
        "observaciones": ""
      }
    },
    {
      "type": "Feature",
      "geometry": {
        "type": "Point",
        "coordinates": [
          -72.61528015136719,
          -38.740089416503906
        ]
      },
      "properties": {
        "id": "G1-20260522-0172",
        "nombre": "Señalética Vial",
        "fecha": "2026-05-22",
        "fecha_display": "22/5/2026",
        "hora": "07:28",
        "cuadrilla": "GRUPO 1",
        "tipo": "Mantención de Señalética",
        "foto_antes": "Datos Grupos Terreno/Chat de WhatsApp con G1 acrilica Fernando  Pedro G/IMG-20260522-WA0000.jpg",
        "foto_despues": "Datos Grupos Terreno/Chat de WhatsApp con G1 acrilica Fernando  Pedro G/IMG-20260522-WA0014.jpg",
        "nombre_foto_antes": "IMG-20260522-WA0000.jpg",
        "nombre_foto_despues": "IMG-20260522-WA0014.jpg",
        "total_fotos": 3,
        "observaciones": ""
      }
    },
    {
      "type": "Feature",
      "geometry": {
        "type": "Point",
        "coordinates": [
          -72.6176986694336,
          -38.739158630371094
        ]
      },
      "properties": {
        "id": "G1-20260522-0173",
        "nombre": "Señalética Vial",
        "fecha": "2026-05-22",
        "fecha_display": "22/5/2026",
        "hora": "09:25",
        "cuadrilla": "GRUPO 1",
        "tipo": "Mantención de Señalética",
        "foto_antes": "Datos Grupos Terreno/Chat de WhatsApp con G1 acrilica Fernando  Pedro G/IMG-20260522-WA0021.jpg",
        "foto_despues": "Datos Grupos Terreno/Chat de WhatsApp con G1 acrilica Fernando  Pedro G/IMG-20260522-WA0038.jpg",
        "nombre_foto_antes": "IMG-20260522-WA0021.jpg",
        "nombre_foto_despues": "IMG-20260522-WA0038.jpg",
        "total_fotos": 6,
        "observaciones": ""
      }
    },
    {
      "type": "Feature",
      "geometry": {
        "type": "Point",
        "coordinates": [
          -72.62601470947266,
          -38.753849029541016
        ]
      },
      "properties": {
        "id": "G1-20260522-0174",
        "nombre": "Señalética Vial",
        "fecha": "2026-05-22",
        "fecha_display": "22/5/2026",
        "hora": "10:45",
        "cuadrilla": "GRUPO 1",
        "tipo": "Mantención de Señalética",
        "foto_antes": "Datos Grupos Terreno/Chat de WhatsApp con G1 acrilica Fernando  Pedro G/IMG-20260522-WA0060.jpg",
        "foto_despues": "",
        "nombre_foto_antes": "IMG-20260522-WA0060.jpg",
        "nombre_foto_despues": "",
        "total_fotos": 1,
        "observaciones": ""
      }
    },
    {
      "type": "Feature",
      "geometry": {
        "type": "Point",
        "coordinates": [
          -72.57969665527344,
          -38.73994827270508
        ]
      },
      "properties": {
        "id": "G1-20260522-0175",
        "nombre": "Señalética Vial",
        "fecha": "2026-05-22",
        "fecha_display": "22/5/2026",
        "hora": "11:48",
        "cuadrilla": "GRUPO 1",
        "tipo": "Mantención de Señalética",
        "foto_antes": "Datos Grupos Terreno/Chat de WhatsApp con G1 acrilica Fernando  Pedro G/IMG-20260522-WA0077.jpg",
        "foto_despues": "Datos Grupos Terreno/Chat de WhatsApp con G1 acrilica Fernando  Pedro G/IMG-20260522-WA0109.jpg",
        "nombre_foto_antes": "IMG-20260522-WA0077.jpg",
        "nombre_foto_despues": "IMG-20260522-WA0109.jpg",
        "total_fotos": 4,
        "observaciones": ""
      }
    },
    {
      "type": "Feature",
      "geometry": {
        "type": "Point",
        "coordinates": [
          -72.57960510253906,
          -38.739986419677734
        ]
      },
      "properties": {
        "id": "G1-20260522-0176",
        "nombre": "Señalética Vial",
        "fecha": "2026-05-22",
        "fecha_display": "22/5/2026",
        "hora": "15:14",
        "cuadrilla": "GRUPO 1",
        "tipo": "Mantención de Señalética",
        "foto_antes": "Datos Grupos Terreno/Chat de WhatsApp con G1 acrilica Fernando  Pedro G/IMG-20260522-WA0110.jpg",
        "foto_despues": "Datos Grupos Terreno/Chat de WhatsApp con G1 acrilica Fernando  Pedro G/IMG-20260522-WA0136.jpg",
        "nombre_foto_antes": "IMG-20260522-WA0110.jpg",
        "nombre_foto_despues": "IMG-20260522-WA0136.jpg",
        "total_fotos": 2,
        "observaciones": ""
      }
    },
    {
      "type": "Feature",
      "geometry": {
        "type": "Point",
        "coordinates": [
          -72.63401794433594,
          -38.71419906616211
        ]
      },
      "properties": {
        "id": "G1-20260522-0177",
        "nombre": "Señalética Vial",
        "fecha": "2026-05-22",
        "fecha_display": "22/5/2026",
        "hora": "16:42",
        "cuadrilla": "GRUPO 1",
        "tipo": "Mantención de Señalética",
        "foto_antes": "Datos Grupos Terreno/Chat de WhatsApp con G1 acrilica Fernando  Pedro G/IMG-20260522-WA0140.jpg",
        "foto_despues": "",
        "nombre_foto_antes": "IMG-20260522-WA0140.jpg",
        "nombre_foto_despues": "",
        "total_fotos": 1,
        "observaciones": ""
      }
    },
    {
      "type": "Feature",
      "geometry": {
        "type": "Point",
        "coordinates": [
          -72.63494873046875,
          -38.71474075317383
        ]
      },
      "properties": {
        "id": "G1-20260522-0178",
        "nombre": "Señalética Vial",
        "fecha": "2026-05-22",
        "fecha_display": "22/5/2026",
        "hora": "16:50",
        "cuadrilla": "GRUPO 1",
        "tipo": "Mantención de Señalética",
        "foto_antes": "Datos Grupos Terreno/Chat de WhatsApp con G1 acrilica Fernando  Pedro G/IMG-20260522-WA0144.jpg",
        "foto_despues": "",
        "nombre_foto_antes": "IMG-20260522-WA0144.jpg",
        "nombre_foto_despues": "",
        "total_fotos": 1,
        "observaciones": ""
      }
    },
    {
      "type": "Feature",
      "geometry": {
        "type": "Point",
        "coordinates": [
          -72.65360260009766,
          -38.71160125732422
        ]
      },
      "properties": {
        "id": "G1-20260522-0179",
        "nombre": "Señalética Vial",
        "fecha": "2026-05-22",
        "fecha_display": "22/5/2026",
        "hora": "17:16",
        "cuadrilla": "GRUPO 1",
        "tipo": "Mantención de Señalética",
        "foto_antes": "",
        "foto_despues": "",
        "nombre_foto_antes": "",
        "nombre_foto_despues": "",
        "total_fotos": 0,
        "observaciones": ""
      }
    },
    {
      "type": "Feature",
      "geometry": {
        "type": "Point",
        "coordinates": [
          -72.62027740478516,
          -38.740089416503906
        ]
      },
      "properties": {
        "id": "G1-20260525-0180",
        "nombre": "Señalética Vial",
        "fecha": "2026-05-25",
        "fecha_display": "25/5/2026",
        "hora": "11:18",
        "cuadrilla": "GRUPO 1",
        "tipo": "Mantención de Señalética",
        "foto_antes": "Datos Grupos Terreno/Chat de WhatsApp con G1 acrilica Fernando  Pedro G/IMG-20260525-WA0013.jpg",
        "foto_despues": "Datos Grupos Terreno/Chat de WhatsApp con G1 acrilica Fernando  Pedro G/IMG-20260525-WA0104.jpg",
        "nombre_foto_antes": "IMG-20260525-WA0013.jpg",
        "nombre_foto_despues": "IMG-20260525-WA0104.jpg",
        "total_fotos": 4,
        "observaciones": ""
      }
    },
    {
      "type": "Feature",
      "geometry": {
        "type": "Point",
        "coordinates": [
          -72.62051391601562,
          -38.74016571044922
        ]
      },
      "properties": {
        "id": "G1-20260525-0181",
        "nombre": "Señalética Vial",
        "fecha": "2026-05-25",
        "fecha_display": "25/5/2026",
        "hora": "17:44",
        "cuadrilla": "GRUPO 1",
        "tipo": "Mantención de Señalética",
        "foto_antes": "Datos Grupos Terreno/Chat de WhatsApp con G1 acrilica Fernando  Pedro G/IMG-20260525-WA0105.jpg",
        "foto_despues": "",
        "nombre_foto_antes": "IMG-20260525-WA0105.jpg",
        "nombre_foto_despues": "",
        "total_fotos": 1,
        "observaciones": ""
      }
    },
    {
      "type": "Feature",
      "geometry": {
        "type": "Point",
        "coordinates": [
          -72.6363941,
          -38.7150163
        ]
      },
      "properties": {
        "id": "G1-20260526-0182",
        "nombre": "Señalética Vial",
        "fecha": "2026-05-26",
        "fecha_display": "26/5/2026",
        "hora": "08:47",
        "cuadrilla": "GRUPO 1",
        "tipo": "Mantención de Señalética",
        "foto_antes": "Datos Grupos Terreno/Chat de WhatsApp con G1 acrilica Fernando  Pedro G/IMG-20260526-WA0005.jpg",
        "foto_despues": "Datos Grupos Terreno/Chat de WhatsApp con G1 acrilica Fernando  Pedro G/IMG-20260526-WA0143.jpg",
        "nombre_foto_antes": "IMG-20260526-WA0005.jpg",
        "nombre_foto_despues": "IMG-20260526-WA0143.jpg",
        "total_fotos": 13,
        "observaciones": ""
      }
    },
    {
      "type": "Feature",
      "geometry": {
        "type": "Point",
        "coordinates": [
          -72.63850402832031,
          -38.71489334106445
        ]
      },
      "properties": {
        "id": "G1-20260526-0183",
        "nombre": "Señalética Vial",
        "fecha": "2026-05-26",
        "fecha_display": "26/5/2026",
        "hora": "15:54",
        "cuadrilla": "GRUPO 1",
        "tipo": "Mantención de Señalética",
        "foto_antes": "Datos Grupos Terreno/Chat de WhatsApp con G1 acrilica Fernando  Pedro G/IMG-20260526-WA0145.jpg",
        "foto_despues": "Datos Grupos Terreno/Chat de WhatsApp con G1 acrilica Fernando  Pedro G/IMG-20260526-WA0163.jpg",
        "nombre_foto_antes": "IMG-20260526-WA0145.jpg",
        "nombre_foto_despues": "IMG-20260526-WA0163.jpg",
        "total_fotos": 2,
        "observaciones": ""
      }
    },
    {
      "type": "Feature",
      "geometry": {
        "type": "Point",
        "coordinates": [
          -72.644287109375,
          -38.714088439941406
        ]
      },
      "properties": {
        "id": "G1-20260526-0184",
        "nombre": "Señalética Vial",
        "fecha": "2026-05-26",
        "fecha_display": "26/5/2026",
        "hora": "16:49",
        "cuadrilla": "GRUPO 1",
        "tipo": "Mantención de Señalética",
        "foto_antes": "Datos Grupos Terreno/Chat de WhatsApp con G1 acrilica Fernando  Pedro G/IMG-20260526-WA0169.jpg",
        "foto_despues": "",
        "nombre_foto_antes": "IMG-20260526-WA0169.jpg",
        "nombre_foto_despues": "",
        "total_fotos": 1,
        "observaciones": ""
      }
    },
    {
      "type": "Feature",
      "geometry": {
        "type": "Point",
        "coordinates": [
          -72.64563751220703,
          -38.71393966674805
        ]
      },
      "properties": {
        "id": "G1-20260526-0185",
        "nombre": "Señalética Vial",
        "fecha": "2026-05-26",
        "fecha_display": "26/5/2026",
        "hora": "17:18",
        "cuadrilla": "GRUPO 1",
        "tipo": "Mantención de Señalética",
        "foto_antes": "",
        "foto_despues": "",
        "nombre_foto_antes": "",
        "nombre_foto_despues": "",
        "total_fotos": 0,
        "observaciones": ""
      }
    },
    {
      "type": "Feature",
      "geometry": {
        "type": "Point",
        "coordinates": [
          -72.64669799804688,
          -38.713443756103516
        ]
      },
      "properties": {
        "id": "G1-20260527-0186",
        "nombre": "Señalética Vial",
        "fecha": "2026-05-27",
        "fecha_display": "27/5/2026",
        "hora": "09:03",
        "cuadrilla": "GRUPO 1",
        "tipo": "Mantención de Señalética",
        "foto_antes": "Datos Grupos Terreno/Chat de WhatsApp con G1 acrilica Fernando  Pedro G/IMG-20260527-WA0002.jpg",
        "foto_despues": "Datos Grupos Terreno/Chat de WhatsApp con G1 acrilica Fernando  Pedro G/IMG-20260527-WA0007.jpg",
        "nombre_foto_antes": "IMG-20260527-WA0002.jpg",
        "nombre_foto_despues": "IMG-20260527-WA0007.jpg",
        "total_fotos": 3,
        "observaciones": ""
      }
    },
    {
      "type": "Feature",
      "geometry": {
        "type": "Point",
        "coordinates": [
          -72.6491928100586,
          -38.7128791809082
        ]
      },
      "properties": {
        "id": "G1-20260527-0187",
        "nombre": "Señalética Vial",
        "fecha": "2026-05-27",
        "fecha_display": "27/5/2026",
        "hora": "09:25",
        "cuadrilla": "GRUPO 1",
        "tipo": "Mantención de Señalética",
        "foto_antes": "Datos Grupos Terreno/Chat de WhatsApp con G1 acrilica Fernando  Pedro G/IMG-20260527-WA0011.jpg",
        "foto_despues": "Datos Grupos Terreno/Chat de WhatsApp con G1 acrilica Fernando  Pedro G/IMG-20260527-WA0016.jpg",
        "nombre_foto_antes": "IMG-20260527-WA0011.jpg",
        "nombre_foto_despues": "IMG-20260527-WA0016.jpg",
        "total_fotos": 4,
        "observaciones": ""
      }
    },
    {
      "type": "Feature",
      "geometry": {
        "type": "Point",
        "coordinates": [
          -72.65003204345703,
          -38.71249771118164
        ]
      },
      "properties": {
        "id": "G1-20260527-0188",
        "nombre": "Señalética Vial",
        "fecha": "2026-05-27",
        "fecha_display": "27/5/2026",
        "hora": "09:48",
        "cuadrilla": "GRUPO 1",
        "tipo": "Mantención de Señalética",
        "foto_antes": "Datos Grupos Terreno/Chat de WhatsApp con G1 acrilica Fernando  Pedro G/IMG-20260527-WA0017.jpg",
        "foto_despues": "Datos Grupos Terreno/Chat de WhatsApp con G1 acrilica Fernando  Pedro G/IMG-20260527-WA0043.jpg",
        "nombre_foto_antes": "IMG-20260527-WA0017.jpg",
        "nombre_foto_despues": "IMG-20260527-WA0043.jpg",
        "total_fotos": 3,
        "observaciones": ""
      }
    },
    {
      "type": "Feature",
      "geometry": {
        "type": "Point",
        "coordinates": [
          -72.61235046386719,
          -38.72431945800781
        ]
      },
      "properties": {
        "id": "G1-20260527-0189",
        "nombre": "Señalética Vial",
        "fecha": "2026-05-27",
        "fecha_display": "27/5/2026",
        "hora": "11:48",
        "cuadrilla": "GRUPO 1",
        "tipo": "Mantención de Señalética",
        "foto_antes": "Datos Grupos Terreno/Chat de WhatsApp con G1 acrilica Fernando  Pedro G/IMG-20260527-WA0066.jpg",
        "foto_despues": "Datos Grupos Terreno/Chat de WhatsApp con G1 acrilica Fernando  Pedro G/IMG-20260527-WA0099.jpg",
        "nombre_foto_antes": "IMG-20260527-WA0066.jpg",
        "nombre_foto_despues": "IMG-20260527-WA0099.jpg",
        "total_fotos": 8,
        "observaciones": ""
      }
    },
    {
      "type": "Feature",
      "geometry": {
        "type": "Point",
        "coordinates": [
          -72.6232681274414,
          -38.70800018310547
        ]
      },
      "properties": {
        "id": "G1-20260527-0190",
        "nombre": "Señalética Vial",
        "fecha": "2026-05-27",
        "fecha_display": "27/5/2026",
        "hora": "15:40",
        "cuadrilla": "GRUPO 1",
        "tipo": "Mantención de Señalética",
        "foto_antes": "Datos Grupos Terreno/Chat de WhatsApp con G1 acrilica Fernando  Pedro G/IMG-20260527-WA0100.jpg",
        "foto_despues": "",
        "nombre_foto_antes": "IMG-20260527-WA0100.jpg",
        "nombre_foto_despues": "",
        "total_fotos": 1,
        "observaciones": ""
      }
    },
    {
      "type": "Feature",
      "geometry": {
        "type": "Point",
        "coordinates": [
          -72.62351989746094,
          -38.709327697753906
        ]
      },
      "properties": {
        "id": "G1-20260527-0191",
        "nombre": "Señalética Vial",
        "fecha": "2026-05-27",
        "fecha_display": "27/5/2026",
        "hora": "15:55",
        "cuadrilla": "GRUPO 1",
        "tipo": "Mantención de Señalética",
        "foto_antes": "Datos Grupos Terreno/Chat de WhatsApp con G1 acrilica Fernando  Pedro G/IMG-20260527-WA0104.jpg",
        "foto_despues": "Datos Grupos Terreno/Chat de WhatsApp con G1 acrilica Fernando  Pedro G/IMG-20260527-WA0119.jpg",
        "nombre_foto_antes": "IMG-20260527-WA0104.jpg",
        "nombre_foto_despues": "IMG-20260527-WA0119.jpg",
        "total_fotos": 2,
        "observaciones": ""
      }
    },
    {
      "type": "Feature",
      "geometry": {
        "type": "Point",
        "coordinates": [
          -72.6211929321289,
          -38.71837615966797
        ]
      },
      "properties": {
        "id": "G1-20260527-0192",
        "nombre": "Señalética Vial",
        "fecha": "2026-05-27",
        "fecha_display": "27/5/2026",
        "hora": "17:17",
        "cuadrilla": "GRUPO 1",
        "tipo": "Mantención de Señalética",
        "foto_antes": "",
        "foto_despues": "",
        "nombre_foto_antes": "",
        "nombre_foto_despues": "",
        "total_fotos": 0,
        "observaciones": ""
      }
    },
    {
      "type": "Feature",
      "geometry": {
        "type": "Point",
        "coordinates": [
          -72.63687133789062,
          -38.709678649902344
        ]
      },
      "properties": {
        "id": "G1-20260528-0193",
        "nombre": "Señalética Vial",
        "fecha": "2026-05-28",
        "fecha_display": "28/5/2026",
        "hora": "07:52",
        "cuadrilla": "GRUPO 1",
        "tipo": "Mantención de Señalética",
        "foto_antes": "Datos Grupos Terreno/Chat de WhatsApp con G1 acrilica Fernando  Pedro G/IMG-20260528-WA0004.jpg",
        "foto_despues": "Datos Grupos Terreno/Chat de WhatsApp con G1 acrilica Fernando  Pedro G/IMG-20260528-WA0031.jpg",
        "nombre_foto_antes": "IMG-20260528-WA0004.jpg",
        "nombre_foto_despues": "IMG-20260528-WA0031.jpg",
        "total_fotos": 4,
        "observaciones": ""
      }
    },
    {
      "type": "Feature",
      "geometry": {
        "type": "Point",
        "coordinates": [
          -72.63372802734375,
          -38.7126350402832
        ]
      },
      "properties": {
        "id": "G1-20260528-0194",
        "nombre": "Señalética Vial",
        "fecha": "2026-05-28",
        "fecha_display": "28/5/2026",
        "hora": "10:47",
        "cuadrilla": "GRUPO 1",
        "tipo": "Mantención de Señalética",
        "foto_antes": "Datos Grupos Terreno/Chat de WhatsApp con G1 acrilica Fernando  Pedro G/IMG-20260528-WA0041.jpg",
        "foto_despues": "Datos Grupos Terreno/Chat de WhatsApp con G1 acrilica Fernando  Pedro G/IMG-20260528-WA0062.jpg",
        "nombre_foto_antes": "IMG-20260528-WA0041.jpg",
        "nombre_foto_despues": "IMG-20260528-WA0062.jpg",
        "total_fotos": 7,
        "observaciones": ""
      }
    },
    {
      "type": "Feature",
      "geometry": {
        "type": "Point",
        "coordinates": [
          -72.5785131,
          -38.7397876
        ]
      },
      "properties": {
        "id": "G1-20260616-0195",
        "nombre": "Señalética Vial",
        "fecha": "2026-06-16",
        "fecha_display": "16/6/2026",
        "hora": "18:27",
        "cuadrilla": "GRUPO 1",
        "tipo": "Mantención de Señalética",
        "foto_antes": "Datos Grupos Terreno/Chat de WhatsApp con G1 acrilica Fernando  Pedro G/IMG-20260616-WA0082.jpg",
        "foto_despues": "Datos Grupos Terreno/Chat de WhatsApp con G1 acrilica Fernando  Pedro G/IMG-20260616-WA0084.jpg",
        "nombre_foto_antes": "IMG-20260616-WA0082.jpg",
        "nombre_foto_despues": "IMG-20260616-WA0084.jpg",
        "total_fotos": 3,
        "observaciones": ""
      }
    },
    {
      "type": "Feature",
      "geometry": {
        "type": "Point",
        "coordinates": [
          -72.5866767,
          -38.732215
        ]
      },
      "properties": {
        "id": "G1-20260624-0196",
        "nombre": "Señalética Vial",
        "fecha": "2026-06-24",
        "fecha_display": "24/6/2026",
        "hora": "08:40",
        "cuadrilla": "GRUPO 1",
        "tipo": "Mantención de Señalética",
        "foto_antes": "Datos Grupos Terreno/Chat de WhatsApp con G1 acrilica Fernando  Pedro G/IMG-20260624-WA0075.jpg",
        "foto_despues": "Datos Grupos Terreno/Chat de WhatsApp con G1 acrilica Fernando  Pedro G/IMG-20260624-WA0105.jpg",
        "nombre_foto_antes": "IMG-20260624-WA0075.jpg",
        "nombre_foto_despues": "IMG-20260624-WA0105.jpg",
        "total_fotos": 3,
        "observaciones": ""
      }
    },
    {
      "type": "Feature",
      "geometry": {
        "type": "Point",
        "coordinates": [
          -72.58181762695312,
          -38.737327575683594
        ]
      },
      "properties": {
        "id": "G1-20260630-0197",
        "nombre": "Señalética Vial",
        "fecha": "2026-06-30",
        "fecha_display": "30/6/2026",
        "hora": "08:39",
        "cuadrilla": "GRUPO 1",
        "tipo": "Mantención de Señalética",
        "foto_antes": "Datos Grupos Terreno/Chat de WhatsApp con G1 acrilica Fernando  Pedro G/IMG-20260630-WA0019.jpg",
        "foto_despues": "Datos Grupos Terreno/Chat de WhatsApp con G1 acrilica Fernando  Pedro G/IMG-20260630-WA0025.jpg",
        "nombre_foto_antes": "IMG-20260630-WA0019.jpg",
        "nombre_foto_despues": "IMG-20260630-WA0025.jpg",
        "total_fotos": 3,
        "observaciones": ""
      }
    },
    {
      "type": "Feature",
      "geometry": {
        "type": "Point",
        "coordinates": [
          -72.58187866210938,
          -38.73717498779297
        ]
      },
      "properties": {
        "id": "G1-20260630-0198",
        "nombre": "Señalética Vial",
        "fecha": "2026-06-30",
        "fecha_display": "30/6/2026",
        "hora": "09:28",
        "cuadrilla": "GRUPO 1",
        "tipo": "Mantención de Señalética",
        "foto_antes": "Datos Grupos Terreno/Chat de WhatsApp con G1 acrilica Fernando  Pedro G/IMG-20260630-WA0029.jpg",
        "foto_despues": "",
        "nombre_foto_antes": "IMG-20260630-WA0029.jpg",
        "nombre_foto_despues": "",
        "total_fotos": 1,
        "observaciones": ""
      }
    },
    {
      "type": "Feature",
      "geometry": {
        "type": "Point",
        "coordinates": [
          -72.58174133300781,
          -38.7369270324707
        ]
      },
      "properties": {
        "id": "G1-20260630-0199",
        "nombre": "Señalética Vial",
        "fecha": "2026-06-30",
        "fecha_display": "30/6/2026",
        "hora": "09:48",
        "cuadrilla": "GRUPO 1",
        "tipo": "Mantención de Señalética",
        "foto_antes": "Datos Grupos Terreno/Chat de WhatsApp con G1 acrilica Fernando  Pedro G/IMG-20260630-WA0031.jpg",
        "foto_despues": "",
        "nombre_foto_antes": "IMG-20260630-WA0031.jpg",
        "nombre_foto_despues": "",
        "total_fotos": 1,
        "observaciones": ""
      }
    },
    {
      "type": "Feature",
      "geometry": {
        "type": "Point",
        "coordinates": [
          -72.58172607421875,
          -38.73679733276367
        ]
      },
      "properties": {
        "id": "G1-20260630-0200",
        "nombre": "Señalética Vial",
        "fecha": "2026-06-30",
        "fecha_display": "30/6/2026",
        "hora": "09:49",
        "cuadrilla": "GRUPO 1",
        "tipo": "Mantención de Señalética",
        "foto_antes": "Datos Grupos Terreno/Chat de WhatsApp con G1 acrilica Fernando  Pedro G/IMG-20260630-WA0033.jpg",
        "foto_despues": "",
        "nombre_foto_antes": "IMG-20260630-WA0033.jpg",
        "nombre_foto_despues": "",
        "total_fotos": 1,
        "observaciones": ""
      }
    },
    {
      "type": "Feature",
      "geometry": {
        "type": "Point",
        "coordinates": [
          -72.58177185058594,
          -38.73667907714844
        ]
      },
      "properties": {
        "id": "G1-20260630-0201",
        "nombre": "Señalética Vial",
        "fecha": "2026-06-30",
        "fecha_display": "30/6/2026",
        "hora": "10:03",
        "cuadrilla": "GRUPO 1",
        "tipo": "Mantención de Señalética",
        "foto_antes": "Datos Grupos Terreno/Chat de WhatsApp con G1 acrilica Fernando  Pedro G/IMG-20260630-WA0083.jpg",
        "foto_despues": "Datos Grupos Terreno/Chat de WhatsApp con G1 acrilica Fernando  Pedro G/IMG-20260630-WA0137.jpg",
        "nombre_foto_antes": "IMG-20260630-WA0083.jpg",
        "nombre_foto_despues": "IMG-20260630-WA0137.jpg",
        "total_fotos": 7,
        "observaciones": ""
      }
    },
    {
      "type": "Feature",
      "geometry": {
        "type": "Point",
        "coordinates": [
          -72.58340454101562,
          -38.732749938964844
        ]
      },
      "properties": {
        "id": "G1-20260630-0202",
        "nombre": "Señalética Vial",
        "fecha": "2026-06-30",
        "fecha_display": "30/6/2026",
        "hora": "15:20",
        "cuadrilla": "GRUPO 1",
        "tipo": "Mantención de Señalética",
        "foto_antes": "Datos Grupos Terreno/Chat de WhatsApp con G1 acrilica Fernando  Pedro G/IMG-20260630-WA0157.jpg",
        "foto_despues": "Datos Grupos Terreno/Chat de WhatsApp con G1 acrilica Fernando  Pedro G/IMG-20260630-WA0156.jpg",
        "nombre_foto_antes": "IMG-20260630-WA0157.jpg",
        "nombre_foto_despues": "IMG-20260630-WA0156.jpg",
        "total_fotos": 2,
        "observaciones": ""
      }
    },
    {
      "type": "Feature",
      "geometry": {
        "type": "Point",
        "coordinates": [
          -72.5807876586914,
          -38.73313522338867
        ]
      },
      "properties": {
        "id": "G1-20260630-0203",
        "nombre": "Señalética Vial",
        "fecha": "2026-06-30",
        "fecha_display": "30/6/2026",
        "hora": "15:48",
        "cuadrilla": "GRUPO 1",
        "tipo": "Mantención de Señalética",
        "foto_antes": "Datos Grupos Terreno/Chat de WhatsApp con G1 acrilica Fernando  Pedro G/IMG-20260630-WA0166.jpg",
        "foto_despues": "Datos Grupos Terreno/Chat de WhatsApp con G1 acrilica Fernando  Pedro G/IMG-20260630-WA0168.jpg",
        "nombre_foto_antes": "IMG-20260630-WA0166.jpg",
        "nombre_foto_despues": "IMG-20260630-WA0168.jpg",
        "total_fotos": 3,
        "observaciones": ""
      }
    },
    {
      "type": "Feature",
      "geometry": {
        "type": "Point",
        "coordinates": [
          -72.57904815673828,
          -38.733463287353516
        ]
      },
      "properties": {
        "id": "G1-20260630-0204",
        "nombre": "Señalética Vial",
        "fecha": "2026-06-30",
        "fecha_display": "30/6/2026",
        "hora": "16:19",
        "cuadrilla": "GRUPO 1",
        "tipo": "Mantención de Señalética",
        "foto_antes": "Datos Grupos Terreno/Chat de WhatsApp con G1 acrilica Fernando  Pedro G/IMG-20260630-WA0169.jpg",
        "foto_despues": "Datos Grupos Terreno/Chat de WhatsApp con G1 acrilica Fernando  Pedro G/IMG-20260630-WA0175.jpg",
        "nombre_foto_antes": "IMG-20260630-WA0169.jpg",
        "nombre_foto_despues": "IMG-20260630-WA0175.jpg",
        "total_fotos": 3,
        "observaciones": ""
      }
    },
    {
      "type": "Feature",
      "geometry": {
        "type": "Point",
        "coordinates": [
          -72.57907104492188,
          -38.73333740234375
        ]
      },
      "properties": {
        "id": "G1-20260630-0205",
        "nombre": "Señalética Vial",
        "fecha": "2026-06-30",
        "fecha_display": "30/6/2026",
        "hora": "16:29",
        "cuadrilla": "GRUPO 1",
        "tipo": "Mantención de Señalética",
        "foto_antes": "Datos Grupos Terreno/Chat de WhatsApp con G1 acrilica Fernando  Pedro G/IMG-20260630-WA0182.jpg",
        "foto_despues": "Datos Grupos Terreno/Chat de WhatsApp con G1 acrilica Fernando  Pedro G/IMG-20260630-WA0183.jpg",
        "nombre_foto_antes": "IMG-20260630-WA0182.jpg",
        "nombre_foto_despues": "IMG-20260630-WA0183.jpg",
        "total_fotos": 2,
        "observaciones": ""
      }
    },
    {
      "type": "Feature",
      "geometry": {
        "type": "Point",
        "coordinates": [
          -72.57736206054688,
          -38.733642578125
        ]
      },
      "properties": {
        "id": "G1-20260630-0206",
        "nombre": "Señalética Vial",
        "fecha": "2026-06-30",
        "fecha_display": "30/6/2026",
        "hora": "16:51",
        "cuadrilla": "GRUPO 1",
        "tipo": "Mantención de Señalética",
        "foto_antes": "Datos Grupos Terreno/Chat de WhatsApp con G1 acrilica Fernando  Pedro G/IMG-20260519-WA0246.jpg",
        "foto_despues": "",
        "nombre_foto_antes": "IMG-20260519-WA0246.jpg",
        "nombre_foto_despues": "",
        "total_fotos": 1,
        "observaciones": ""
      }
    },
    {
      "type": "Feature",
      "geometry": {
        "type": "Point",
        "coordinates": [
          -72.62542724609375,
          -38.72511672973633
        ]
      },
      "properties": {
        "id": "G1-20260701-0207",
        "nombre": "Señalética Vial",
        "fecha": "2026-07-01",
        "fecha_display": "1/7/2026",
        "hora": "00:14",
        "cuadrilla": "GRUPO 1",
        "tipo": "Mantención de Señalética",
        "foto_antes": "Datos Grupos Terreno/Chat de WhatsApp con G1 acrilica Fernando  Pedro G/IMG-20260701-WA0002.jpg",
        "foto_despues": "Datos Grupos Terreno/Chat de WhatsApp con G1 acrilica Fernando  Pedro G/IMG-20260701-WA0013.jpg",
        "nombre_foto_antes": "IMG-20260701-WA0002.jpg",
        "nombre_foto_despues": "IMG-20260701-WA0013.jpg",
        "total_fotos": 4,
        "observaciones": ""
      }
    },
    {
      "type": "Feature",
      "geometry": {
        "type": "Point",
        "coordinates": [
          -72.5936508178711,
          -38.73487091064453
        ]
      },
      "properties": {
        "id": "G1-20260701-0208",
        "nombre": "Señalética Vial",
        "fecha": "2026-07-01",
        "fecha_display": "1/7/2026",
        "hora": "09:30",
        "cuadrilla": "GRUPO 1",
        "tipo": "Mantención de Señalética",
        "foto_antes": "Datos Grupos Terreno/Chat de WhatsApp con G1 acrilica Fernando  Pedro G/IMG-20260701-WA0035.jpg",
        "foto_despues": "Datos Grupos Terreno/Chat de WhatsApp con G1 acrilica Fernando  Pedro G/IMG-20260701-WA0036.jpg",
        "nombre_foto_antes": "IMG-20260701-WA0035.jpg",
        "nombre_foto_despues": "IMG-20260701-WA0036.jpg",
        "total_fotos": 2,
        "observaciones": ""
      }
    },
    {
      "type": "Feature",
      "geometry": {
        "type": "Point",
        "coordinates": [
          -72.59356689453125,
          -38.734554290771484
        ]
      },
      "properties": {
        "id": "G1-20260701-0209",
        "nombre": "Señalética Vial",
        "fecha": "2026-07-01",
        "fecha_display": "1/7/2026",
        "hora": "10:32",
        "cuadrilla": "GRUPO 1",
        "tipo": "Mantención de Señalética",
        "foto_antes": "Datos Grupos Terreno/Chat de WhatsApp con G1 acrilica Fernando  Pedro G/IMG-20260701-WA0052.jpg",
        "foto_despues": "Datos Grupos Terreno/Chat de WhatsApp con G1 acrilica Fernando  Pedro G/IMG-20260701-WA0053.jpg",
        "nombre_foto_antes": "IMG-20260701-WA0052.jpg",
        "nombre_foto_despues": "IMG-20260701-WA0053.jpg",
        "total_fotos": 3,
        "observaciones": ""
      }
    },
    {
      "type": "Feature",
      "geometry": {
        "type": "Point",
        "coordinates": [
          -72.59361267089844,
          -38.734500885009766
        ]
      },
      "properties": {
        "id": "G1-20260701-0210",
        "nombre": "Señalética Vial",
        "fecha": "2026-07-01",
        "fecha_display": "1/7/2026",
        "hora": "11:38",
        "cuadrilla": "GRUPO 1",
        "tipo": "Mantención de Señalética",
        "foto_antes": "Datos Grupos Terreno/Chat de WhatsApp con G1 acrilica Fernando  Pedro G/IMG-20260701-WA0128.jpg",
        "foto_despues": "Datos Grupos Terreno/Chat de WhatsApp con G1 acrilica Fernando  Pedro G/IMG-20260701-WA0156.jpg",
        "nombre_foto_antes": "IMG-20260701-WA0128.jpg",
        "nombre_foto_despues": "IMG-20260701-WA0156.jpg",
        "total_fotos": 11,
        "observaciones": ""
      }
    },
    {
      "type": "Feature",
      "geometry": {
        "type": "Point",
        "coordinates": [
          -72.5977554321289,
          -38.73515319824219
        ]
      },
      "properties": {
        "id": "G1-20260701-0211",
        "nombre": "Señalética Vial",
        "fecha": "2026-07-01",
        "fecha_display": "1/7/2026",
        "hora": "16:27",
        "cuadrilla": "GRUPO 1",
        "tipo": "Mantención de Señalética",
        "foto_antes": "",
        "foto_despues": "",
        "nombre_foto_antes": "",
        "nombre_foto_despues": "",
        "total_fotos": 0,
        "observaciones": ""
      }
    },
    {
      "type": "Feature",
      "geometry": {
        "type": "Point",
        "coordinates": [
          -72.59610748291016,
          -38.73429870605469
        ]
      },
      "properties": {
        "id": "G1-20260702-0212",
        "nombre": "Señalética Vial",
        "fecha": "2026-07-02",
        "fecha_display": "2/7/2026",
        "hora": "09:00",
        "cuadrilla": "GRUPO 1",
        "tipo": "Mantención de Señalética",
        "foto_antes": "Datos Grupos Terreno/Chat de WhatsApp con G1 acrilica Fernando  Pedro G/IMG-20260702-WA0001.jpg",
        "foto_despues": "Datos Grupos Terreno/Chat de WhatsApp con G1 acrilica Fernando  Pedro G/IMG-20260702-WA0113.jpg",
        "nombre_foto_antes": "IMG-20260702-WA0001.jpg",
        "nombre_foto_despues": "IMG-20260702-WA0113.jpg",
        "total_fotos": 8,
        "observaciones": ""
      }
    },
    {
      "type": "Feature",
      "geometry": {
        "type": "Point",
        "coordinates": [
          -72.61786651611328,
          -38.7486686706543
        ]
      },
      "properties": {
        "id": "G1-20260703-0213",
        "nombre": "Señalética Vial",
        "fecha": "2026-07-03",
        "fecha_display": "3/7/2026",
        "hora": "08:41",
        "cuadrilla": "GRUPO 1",
        "tipo": "Mantención de Señalética",
        "foto_antes": "Datos Grupos Terreno/Chat de WhatsApp con G1 acrilica Fernando  Pedro G/IMG-20260703-WA0056.jpg",
        "foto_despues": "Datos Grupos Terreno/Chat de WhatsApp con G1 acrilica Fernando  Pedro G/IMG-20260703-WA0080.jpg",
        "nombre_foto_antes": "IMG-20260703-WA0056.jpg",
        "nombre_foto_despues": "IMG-20260703-WA0080.jpg",
        "total_fotos": 6,
        "observaciones": ""
      }
    },
    {
      "type": "Feature",
      "geometry": {
        "type": "Point",
        "coordinates": [
          -72.61785888671875,
          -38.74863052368164
        ]
      },
      "properties": {
        "id": "G1-20260703-0214",
        "nombre": "Señalética Vial",
        "fecha": "2026-07-03",
        "fecha_display": "3/7/2026",
        "hora": "14:49",
        "cuadrilla": "GRUPO 1",
        "tipo": "Mantención de Señalética",
        "foto_antes": "",
        "foto_despues": "",
        "nombre_foto_antes": "",
        "nombre_foto_despues": "",
        "total_fotos": 0,
        "observaciones": ""
      }
    },
    {
      "type": "Feature",
      "geometry": {
        "type": "Point",
        "coordinates": [
          -72.6544747,
          -38.7578058
        ]
      },
      "properties": {
        "id": "G1-20260707-0215",
        "nombre": "Señalética Vial",
        "fecha": "2026-07-07",
        "fecha_display": "7/7/2026",
        "hora": "09:00",
        "cuadrilla": "GRUPO 1",
        "tipo": "Mantención de Señalética",
        "foto_antes": "Datos Grupos Terreno/Chat de WhatsApp con G1 acrilica Fernando  Pedro G/IMG-20260707-WA0014.jpg",
        "foto_despues": "Datos Grupos Terreno/Chat de WhatsApp con G1 acrilica Fernando  Pedro G/IMG-20260707-WA0090.jpg",
        "nombre_foto_antes": "IMG-20260707-WA0014.jpg",
        "nombre_foto_despues": "IMG-20260707-WA0090.jpg",
        "total_fotos": 8,
        "observaciones": ""
      }
    },
    {
      "type": "Feature",
      "geometry": {
        "type": "Point",
        "coordinates": [
          -72.5971745,
          -38.7427845
        ]
      },
      "properties": {
        "id": "G1-20260708-0216",
        "nombre": "Señalética Vial",
        "fecha": "2026-07-08",
        "fecha_display": "8/7/2026",
        "hora": "09:37",
        "cuadrilla": "GRUPO 1",
        "tipo": "Mantención de Señalética",
        "foto_antes": "Datos Grupos Terreno/Chat de WhatsApp con G1 acrilica Fernando  Pedro G/IMG-20260708-WA0033.jpg",
        "foto_despues": "Datos Grupos Terreno/Chat de WhatsApp con G1 acrilica Fernando  Pedro G/IMG-20260708-WA0058.jpg",
        "nombre_foto_antes": "IMG-20260708-WA0033.jpg",
        "nombre_foto_despues": "IMG-20260708-WA0058.jpg",
        "total_fotos": 4,
        "observaciones": ""
      }
    },
    {
      "type": "Feature",
      "geometry": {
        "type": "Point",
        "coordinates": [
          -72.5944317,
          -38.743075
        ]
      },
      "properties": {
        "id": "G1-20260708-0217",
        "nombre": "Señalética Vial",
        "fecha": "2026-07-08",
        "fecha_display": "8/7/2026",
        "hora": "10:39",
        "cuadrilla": "GRUPO 1",
        "tipo": "Mantención de Señalética",
        "foto_antes": "Datos Grupos Terreno/Chat de WhatsApp con G1 acrilica Fernando  Pedro G/IMG-20260708-WA0098.jpg",
        "foto_despues": "Datos Grupos Terreno/Chat de WhatsApp con G1 acrilica Fernando  Pedro G/IMG-20260708-WA0105.jpg",
        "nombre_foto_antes": "IMG-20260708-WA0098.jpg",
        "nombre_foto_despues": "IMG-20260708-WA0105.jpg",
        "total_fotos": 2,
        "observaciones": ""
      }
    },
    {
      "type": "Feature",
      "geometry": {
        "type": "Point",
        "coordinates": [
          -72.623263,
          -38.7370543
        ]
      },
      "properties": {
        "id": "G1-20260708-0218",
        "nombre": "Señalética Vial",
        "fecha": "2026-07-08",
        "fecha_display": "8/7/2026",
        "hora": "11:45",
        "cuadrilla": "GRUPO 1",
        "tipo": "Mantención de Señalética",
        "foto_antes": "Datos Grupos Terreno/Chat de WhatsApp con G1 acrilica Fernando  Pedro G/IMG-20260708-WA0145.jpg",
        "foto_despues": "Datos Grupos Terreno/Chat de WhatsApp con G1 acrilica Fernando  Pedro G/IMG-20260708-WA0146.jpg",
        "nombre_foto_antes": "IMG-20260708-WA0145.jpg",
        "nombre_foto_despues": "IMG-20260708-WA0146.jpg",
        "total_fotos": 2,
        "observaciones": ""
      }
    },
    {
      "type": "Feature",
      "geometry": {
        "type": "Point",
        "coordinates": [
          -72.6042445,
          -38.7416545
        ]
      },
      "properties": {
        "id": "G1-20260708-0219",
        "nombre": "Señalética Vial",
        "fecha": "2026-07-08",
        "fecha_display": "8/7/2026",
        "hora": "13:09",
        "cuadrilla": "GRUPO 1",
        "tipo": "Mantención de Señalética",
        "foto_antes": "Datos Grupos Terreno/Chat de WhatsApp con G1 acrilica Fernando  Pedro G/IMG-20260708-WA0147.jpg",
        "foto_despues": "Datos Grupos Terreno/Chat de WhatsApp con G1 acrilica Fernando  Pedro G/IMG-20260708-WA0158.jpg",
        "nombre_foto_antes": "IMG-20260708-WA0147.jpg",
        "nombre_foto_despues": "IMG-20260708-WA0158.jpg",
        "total_fotos": 2,
        "observaciones": ""
      }
    },
    {
      "type": "Feature",
      "geometry": {
        "type": "Point",
        "coordinates": [
          -72.5970933,
          -38.74278
        ]
      },
      "properties": {
        "id": "G1-20260708-0220",
        "nombre": "Señalética Vial",
        "fecha": "2026-07-08",
        "fecha_display": "8/7/2026",
        "hora": "15:09",
        "cuadrilla": "GRUPO 1",
        "tipo": "Mantención de Señalética",
        "foto_antes": "Datos Grupos Terreno/Chat de WhatsApp con G1 acrilica Fernando  Pedro G/IMG-20260708-WA0167.jpg",
        "foto_despues": "",
        "nombre_foto_antes": "IMG-20260708-WA0167.jpg",
        "nombre_foto_despues": "",
        "total_fotos": 1,
        "observaciones": ""
      }
    },
    {
      "type": "Feature",
      "geometry": {
        "type": "Point",
        "coordinates": [
          -72.5946883,
          -38.74302
        ]
      },
      "properties": {
        "id": "G1-20260708-0221",
        "nombre": "Señalética Vial",
        "fecha": "2026-07-08",
        "fecha_display": "8/7/2026",
        "hora": "15:24",
        "cuadrilla": "GRUPO 1",
        "tipo": "Mantención de Señalética",
        "foto_antes": "Datos Grupos Terreno/Chat de WhatsApp con G1 acrilica Fernando  Pedro G/IMG-20260708-WA0185.jpg",
        "foto_despues": "Datos Grupos Terreno/Chat de WhatsApp con G1 acrilica Fernando  Pedro G/IMG-20260708-WA0186.jpg",
        "nombre_foto_antes": "IMG-20260708-WA0185.jpg",
        "nombre_foto_despues": "IMG-20260708-WA0186.jpg",
        "total_fotos": 2,
        "observaciones": ""
      }
    },
    {
      "type": "Feature",
      "geometry": {
        "type": "Point",
        "coordinates": [
          -72.6216386,
          -38.7376689
        ]
      },
      "properties": {
        "id": "G1-20260708-0222",
        "nombre": "Señalética Vial",
        "fecha": "2026-07-08",
        "fecha_display": "8/7/2026",
        "hora": "15:52",
        "cuadrilla": "GRUPO 1",
        "tipo": "Mantención de Señalética",
        "foto_antes": "Datos Grupos Terreno/Chat de WhatsApp con G1 acrilica Fernando  Pedro G/IMG-20260708-WA0244.jpg",
        "foto_despues": "Datos Grupos Terreno/Chat de WhatsApp con G1 acrilica Fernando  Pedro G/IMG-20260708-WA0257.jpg",
        "nombre_foto_antes": "IMG-20260708-WA0244.jpg",
        "nombre_foto_despues": "IMG-20260708-WA0257.jpg",
        "total_fotos": 3,
        "observaciones": ""
      }
    },
    {
      "type": "Feature",
      "geometry": {
        "type": "Point",
        "coordinates": [
          -72.6207415,
          -38.7380273
        ]
      },
      "properties": {
        "id": "G1-20260708-0223",
        "nombre": "Señalética Vial",
        "fecha": "2026-07-08",
        "fecha_display": "8/7/2026",
        "hora": "18:02",
        "cuadrilla": "GRUPO 1",
        "tipo": "Mantención de Señalética",
        "foto_antes": "",
        "foto_despues": "",
        "nombre_foto_antes": "",
        "nombre_foto_despues": "",
        "total_fotos": 0,
        "observaciones": ""
      }
    },
    {
      "type": "Feature",
      "geometry": {
        "type": "Point",
        "coordinates": [
          -72.73878,
          -38.75685
        ]
      },
      "properties": {
        "id": "G1-20260709-0224",
        "nombre": "Señalética Vial",
        "fecha": "2026-07-09",
        "fecha_display": "9/7/2026",
        "hora": "09:10",
        "cuadrilla": "GRUPO 1",
        "tipo": "Mantención de Señalética",
        "foto_antes": "Datos Grupos Terreno/Chat de WhatsApp con G1 acrilica Fernando  Pedro G/IMG-20260709-WA0005.jpg",
        "foto_despues": "Datos Grupos Terreno/Chat de WhatsApp con G1 acrilica Fernando  Pedro G/IMG-20260709-WA0065.jpg",
        "nombre_foto_antes": "IMG-20260709-WA0005.jpg",
        "nombre_foto_despues": "IMG-20260709-WA0065.jpg",
        "total_fotos": 5,
        "observaciones": ""
      }
    },
    {
      "type": "Feature",
      "geometry": {
        "type": "Point",
        "coordinates": [
          -72.7420887,
          -38.7605998
        ]
      },
      "properties": {
        "id": "G1-20260709-0225",
        "nombre": "Señalética Vial",
        "fecha": "2026-07-09",
        "fecha_display": "9/7/2026",
        "hora": "12:54",
        "cuadrilla": "GRUPO 1",
        "tipo": "Mantención de Señalética",
        "foto_antes": "Datos Grupos Terreno/Chat de WhatsApp con G1 acrilica Fernando  Pedro G/IMG-20260709-WA0100.jpg",
        "foto_despues": "Datos Grupos Terreno/Chat de WhatsApp con G1 acrilica Fernando  Pedro G/IMG-20260709-WA0101.jpg",
        "nombre_foto_antes": "IMG-20260709-WA0100.jpg",
        "nombre_foto_despues": "IMG-20260709-WA0101.jpg",
        "total_fotos": 2,
        "observaciones": ""
      }
    },
    {
      "type": "Feature",
      "geometry": {
        "type": "Point",
        "coordinates": [
          -72.7443562,
          -38.7658705
        ]
      },
      "properties": {
        "id": "G1-20260709-0226",
        "nombre": "Señalética Vial",
        "fecha": "2026-07-09",
        "fecha_display": "9/7/2026",
        "hora": "16:15",
        "cuadrilla": "GRUPO 1",
        "tipo": "Mantención de Señalética",
        "foto_antes": "Datos Grupos Terreno/Chat de WhatsApp con G1 acrilica Fernando  Pedro G/IMG-20260709-WA0102.jpg",
        "foto_despues": "Datos Grupos Terreno/Chat de WhatsApp con G1 acrilica Fernando  Pedro G/IMG-20260709-WA0130.jpg",
        "nombre_foto_antes": "IMG-20260709-WA0102.jpg",
        "nombre_foto_despues": "IMG-20260709-WA0130.jpg",
        "total_fotos": 4,
        "observaciones": ""
      }
    },
    {
      "type": "Feature",
      "geometry": {
        "type": "Point",
        "coordinates": [
          -72.7536145,
          -38.772665
        ]
      },
      "properties": {
        "id": "G1-20260709-0227",
        "nombre": "Señalética Vial",
        "fecha": "2026-07-09",
        "fecha_display": "9/7/2026",
        "hora": "17:01",
        "cuadrilla": "GRUPO 1",
        "tipo": "Mantención de Señalética",
        "foto_antes": "Datos Grupos Terreno/Chat de WhatsApp con G1 acrilica Fernando  Pedro G/IMG-20260709-WA0150.jpg",
        "foto_despues": "Datos Grupos Terreno/Chat de WhatsApp con G1 acrilica Fernando  Pedro G/IMG-20260709-WA0151.jpg",
        "nombre_foto_antes": "IMG-20260709-WA0150.jpg",
        "nombre_foto_despues": "IMG-20260709-WA0151.jpg",
        "total_fotos": 2,
        "observaciones": ""
      }
    },
    {
      "type": "Feature",
      "geometry": {
        "type": "Point",
        "coordinates": [
          -72.77598,
          -38.7665883
        ]
      },
      "properties": {
        "id": "G1-20260709-0228",
        "nombre": "Señalética Vial",
        "fecha": "2026-07-09",
        "fecha_display": "9/7/2026",
        "hora": "17:40",
        "cuadrilla": "GRUPO 1",
        "tipo": "Mantención de Señalética",
        "foto_antes": "Datos Grupos Terreno/Chat de WhatsApp con G1 acrilica Fernando  Pedro G/IMG-20260709-WA0173.jpg",
        "foto_despues": "Datos Grupos Terreno/Chat de WhatsApp con G1 acrilica Fernando  Pedro G/IMG-20260709-WA0174.jpg",
        "nombre_foto_antes": "IMG-20260709-WA0173.jpg",
        "nombre_foto_despues": "IMG-20260709-WA0174.jpg",
        "total_fotos": 2,
        "observaciones": ""
      }
    },
    {
      "type": "Feature",
      "geometry": {
        "type": "Point",
        "coordinates": [
          -72.7651106,
          -38.7627858
        ]
      },
      "properties": {
        "id": "G1-20260710-0229",
        "nombre": "Señalética Vial",
        "fecha": "2026-07-10",
        "fecha_display": "10/7/2026",
        "hora": "08:43",
        "cuadrilla": "GRUPO 1",
        "tipo": "Mantención de Señalética",
        "foto_antes": "Datos Grupos Terreno/Chat de WhatsApp con G1 acrilica Fernando  Pedro G/IMG-20260710-WA0038.jpg",
        "foto_despues": "Datos Grupos Terreno/Chat de WhatsApp con G1 acrilica Fernando  Pedro G/IMG-20260710-WA0072.jpg",
        "nombre_foto_antes": "IMG-20260710-WA0038.jpg",
        "nombre_foto_despues": "IMG-20260710-WA0072.jpg",
        "total_fotos": 4,
        "observaciones": ""
      }
    },
    {
      "type": "Feature",
      "geometry": {
        "type": "Point",
        "coordinates": [
          -72.7416835,
          -38.7623667
        ]
      },
      "properties": {
        "id": "G1-20260710-0230",
        "nombre": "Señalética Vial",
        "fecha": "2026-07-10",
        "fecha_display": "10/7/2026",
        "hora": "11:55",
        "cuadrilla": "GRUPO 1",
        "tipo": "Mantención de Señalética",
        "foto_antes": "Datos Grupos Terreno/Chat de WhatsApp con G1 acrilica Fernando  Pedro G/IMG-20260710-WA0091.jpg",
        "foto_despues": "Datos Grupos Terreno/Chat de WhatsApp con G1 acrilica Fernando  Pedro G/IMG-20260710-WA0092.jpg",
        "nombre_foto_antes": "IMG-20260710-WA0091.jpg",
        "nombre_foto_despues": "IMG-20260710-WA0092.jpg",
        "total_fotos": 2,
        "observaciones": ""
      }
    },
    {
      "type": "Feature",
      "geometry": {
        "type": "Point",
        "coordinates": [
          -72.7443433,
          -38.76269
        ]
      },
      "properties": {
        "id": "G1-20260710-0231",
        "nombre": "Señalética Vial",
        "fecha": "2026-07-10",
        "fecha_display": "10/7/2026",
        "hora": "12:30",
        "cuadrilla": "GRUPO 1",
        "tipo": "Mantención de Señalética",
        "foto_antes": "Datos Grupos Terreno/Chat de WhatsApp con G1 acrilica Fernando  Pedro G/IMG-20260710-WA0093.jpg",
        "foto_despues": "",
        "nombre_foto_antes": "IMG-20260710-WA0093.jpg",
        "nombre_foto_despues": "",
        "total_fotos": 1,
        "observaciones": ""
      }
    },
    {
      "type": "Feature",
      "geometry": {
        "type": "Point",
        "coordinates": [
          -72.744652,
          -38.7629118
        ]
      },
      "properties": {
        "id": "G1-20260710-0232",
        "nombre": "Señalética Vial",
        "fecha": "2026-07-10",
        "fecha_display": "10/7/2026",
        "hora": "12:33",
        "cuadrilla": "GRUPO 1",
        "tipo": "Mantención de Señalética",
        "foto_antes": "Datos Grupos Terreno/Chat de WhatsApp con G1 acrilica Fernando  Pedro G/IMG-20260710-WA0133.jpg",
        "foto_despues": "Datos Grupos Terreno/Chat de WhatsApp con G1 acrilica Fernando  Pedro G/IMG-20260710-WA0137.jpg",
        "nombre_foto_antes": "IMG-20260710-WA0133.jpg",
        "nombre_foto_despues": "IMG-20260710-WA0137.jpg",
        "total_fotos": 3,
        "observaciones": ""
      }
    },
    {
      "type": "Feature",
      "geometry": {
        "type": "Point",
        "coordinates": [
          -72.76646,
          -38.7717083
        ]
      },
      "properties": {
        "id": "G1-20260710-0233",
        "nombre": "Señalética Vial",
        "fecha": "2026-07-10",
        "fecha_display": "10/7/2026",
        "hora": "16:22",
        "cuadrilla": "GRUPO 1",
        "tipo": "Mantención de Señalética",
        "foto_antes": "Datos Grupos Terreno/Chat de WhatsApp con G1 acrilica Fernando  Pedro G/IMG-20260710-WA0140.jpg",
        "foto_despues": "Datos Grupos Terreno/Chat de WhatsApp con G1 acrilica Fernando  Pedro G/IMG-20260710-WA0142.jpg",
        "nombre_foto_antes": "IMG-20260710-WA0140.jpg",
        "nombre_foto_despues": "IMG-20260710-WA0142.jpg",
        "total_fotos": 3,
        "observaciones": ""
      }
    },
    {
      "type": "Feature",
      "geometry": {
        "type": "Point",
        "coordinates": [
          -72.7653133,
          -38.7712467
        ]
      },
      "properties": {
        "id": "G1-20260710-0234",
        "nombre": "Señalética Vial",
        "fecha": "2026-07-10",
        "fecha_display": "10/7/2026",
        "hora": "16:33",
        "cuadrilla": "GRUPO 1",
        "tipo": "Mantención de Señalética",
        "foto_antes": "Datos Grupos Terreno/Chat de WhatsApp con G1 acrilica Fernando  Pedro G/IMG-20260710-WA0145.jpg",
        "foto_despues": "",
        "nombre_foto_antes": "IMG-20260710-WA0145.jpg",
        "nombre_foto_despues": "",
        "total_fotos": 1,
        "observaciones": ""
      }
    },
    {
      "type": "Feature",
      "geometry": {
        "type": "Point",
        "coordinates": [
          -72.76305023,
          -38.77070744
        ]
      },
      "properties": {
        "id": "G1-20260710-0235",
        "nombre": "Señalética Vial",
        "fecha": "2026-07-10",
        "fecha_display": "10/7/2026",
        "hora": "16:38",
        "cuadrilla": "GRUPO 1",
        "tipo": "Mantención de Señalética",
        "foto_antes": "Datos Grupos Terreno/Chat de WhatsApp con G1 acrilica Fernando  Pedro G/IMG-20260710-WA0156.jpg",
        "foto_despues": "Datos Grupos Terreno/Chat de WhatsApp con G1 acrilica Fernando  Pedro G/IMG-20260710-WA0157.jpg",
        "nombre_foto_antes": "IMG-20260710-WA0156.jpg",
        "nombre_foto_despues": "IMG-20260710-WA0157.jpg",
        "total_fotos": 2,
        "observaciones": ""
      }
    },
    {
      "type": "Feature",
      "geometry": {
        "type": "Point",
        "coordinates": [
          -72.7536717,
          -38.76399
        ]
      },
      "properties": {
        "id": "G1-20260710-0236",
        "nombre": "Señalética Vial",
        "fecha": "2026-07-10",
        "fecha_display": "10/7/2026",
        "hora": "16:58",
        "cuadrilla": "GRUPO 1",
        "tipo": "Mantención de Señalética",
        "foto_antes": "Datos Grupos Terreno/Chat de WhatsApp con G1 acrilica Fernando  Pedro G/IMG-20260710-WA0162.jpg",
        "foto_despues": "Datos Grupos Terreno/Chat de WhatsApp con G1 acrilica Fernando  Pedro G/IMG-20260710-WA0163.jpg",
        "nombre_foto_antes": "IMG-20260710-WA0162.jpg",
        "nombre_foto_despues": "IMG-20260710-WA0163.jpg",
        "total_fotos": 2,
        "observaciones": ""
      }
    },
    {
      "type": "Feature",
      "geometry": {
        "type": "Point",
        "coordinates": [
          -72.757471,
          -38.7664536
        ]
      },
      "properties": {
        "id": "G1-20260710-0237",
        "nombre": "Señalética Vial",
        "fecha": "2026-07-10",
        "fecha_display": "10/7/2026",
        "hora": "17:07",
        "cuadrilla": "GRUPO 1",
        "tipo": "Mantención de Señalética",
        "foto_antes": "",
        "foto_despues": "",
        "nombre_foto_antes": "",
        "nombre_foto_despues": "",
        "total_fotos": 0,
        "observaciones": ""
      }
    },
    {
      "type": "Feature",
      "geometry": {
        "type": "Point",
        "coordinates": [
          -72.7586676,
          -38.7707553
        ]
      },
      "properties": {
        "id": "G1-20260713-0238",
        "nombre": "Señalética Vial",
        "fecha": "2026-07-13",
        "fecha_display": "13/7/2026",
        "hora": "08:17",
        "cuadrilla": "GRUPO 1",
        "tipo": "Mantención de Señalética",
        "foto_antes": "Datos Grupos Terreno/Chat de WhatsApp con G1 acrilica Fernando  Pedro G/IMG-20260713-WA0028.jpg",
        "foto_despues": "Datos Grupos Terreno/Chat de WhatsApp con G1 acrilica Fernando  Pedro G/IMG-20260713-WA0075.jpg",
        "nombre_foto_antes": "IMG-20260713-WA0028.jpg",
        "nombre_foto_despues": "IMG-20260713-WA0075.jpg",
        "total_fotos": 5,
        "observaciones": ""
      }
    },
    {
      "type": "Feature",
      "geometry": {
        "type": "Point",
        "coordinates": [
          -72.7503434,
          -38.7723327
        ]
      },
      "properties": {
        "id": "G1-20260713-0239",
        "nombre": "Señalética Vial",
        "fecha": "2026-07-13",
        "fecha_display": "13/7/2026",
        "hora": "11:31",
        "cuadrilla": "GRUPO 1",
        "tipo": "Mantención de Señalética",
        "foto_antes": "Datos Grupos Terreno/Chat de WhatsApp con G1 acrilica Fernando  Pedro G/IMG-20260713-WA0076.jpg",
        "foto_despues": "Datos Grupos Terreno/Chat de WhatsApp con G1 acrilica Fernando  Pedro G/IMG-20260713-WA0077.jpg",
        "nombre_foto_antes": "IMG-20260713-WA0076.jpg",
        "nombre_foto_despues": "IMG-20260713-WA0077.jpg",
        "total_fotos": 2,
        "observaciones": ""
      }
    },
    {
      "type": "Feature",
      "geometry": {
        "type": "Point",
        "coordinates": [
          -72.7515955,
          -38.7716512
        ]
      },
      "properties": {
        "id": "G1-20260713-0240",
        "nombre": "Señalética Vial",
        "fecha": "2026-07-13",
        "fecha_display": "13/7/2026",
        "hora": "11:43",
        "cuadrilla": "GRUPO 1",
        "tipo": "Mantención de Señalética",
        "foto_antes": "Datos Grupos Terreno/Chat de WhatsApp con G1 acrilica Fernando  Pedro G/IMG-20260713-WA0093.jpg",
        "foto_despues": "Datos Grupos Terreno/Chat de WhatsApp con G1 acrilica Fernando  Pedro G/IMG-20260713-WA0094.jpg",
        "nombre_foto_antes": "IMG-20260713-WA0093.jpg",
        "nombre_foto_despues": "IMG-20260713-WA0094.jpg",
        "total_fotos": 2,
        "observaciones": ""
      }
    },
    {
      "type": "Feature",
      "geometry": {
        "type": "Point",
        "coordinates": [
          -72.7626483,
          -38.7707069
        ]
      },
      "properties": {
        "id": "G1-20260713-0241",
        "nombre": "Señalética Vial",
        "fecha": "2026-07-13",
        "fecha_display": "13/7/2026",
        "hora": "12:25",
        "cuadrilla": "GRUPO 1",
        "tipo": "Mantención de Señalética",
        "foto_antes": "Datos Grupos Terreno/Chat de WhatsApp con G1 acrilica Fernando  Pedro G/IMG-20260709-WA0098.jpg",
        "foto_despues": "Datos Grupos Terreno/Chat de WhatsApp con G1 acrilica Fernando  Pedro G/IMG-20260713-WA0106.jpg",
        "nombre_foto_antes": "IMG-20260709-WA0098.jpg",
        "nombre_foto_despues": "IMG-20260713-WA0106.jpg",
        "total_fotos": 2,
        "observaciones": ""
      }
    },
    {
      "type": "Feature",
      "geometry": {
        "type": "Point",
        "coordinates": [
          -72.7471694,
          -38.7616482
        ]
      },
      "properties": {
        "id": "G1-20260713-0242",
        "nombre": "Señalética Vial",
        "fecha": "2026-07-13",
        "fecha_display": "13/7/2026",
        "hora": "12:44",
        "cuadrilla": "GRUPO 1",
        "tipo": "Mantención de Señalética",
        "foto_antes": "Datos Grupos Terreno/Chat de WhatsApp con G1 acrilica Fernando  Pedro G/IMG-20260713-WA0145.jpg",
        "foto_despues": "Datos Grupos Terreno/Chat de WhatsApp con G1 acrilica Fernando  Pedro G/IMG-20260713-WA0146.jpg",
        "nombre_foto_antes": "IMG-20260713-WA0145.jpg",
        "nombre_foto_despues": "IMG-20260713-WA0146.jpg",
        "total_fotos": 2,
        "observaciones": ""
      }
    },
    {
      "type": "Feature",
      "geometry": {
        "type": "Point",
        "coordinates": [
          -72.7397312,
          -38.7563739
        ]
      },
      "properties": {
        "id": "G1-20260713-0243",
        "nombre": "Señalética Vial",
        "fecha": "2026-07-13",
        "fecha_display": "13/7/2026",
        "hora": "15:49",
        "cuadrilla": "GRUPO 1",
        "tipo": "Mantención de Señalética",
        "foto_antes": "Datos Grupos Terreno/Chat de WhatsApp con G1 acrilica Fernando  Pedro G/IMG-20260713-WA0156.jpg",
        "foto_despues": "Datos Grupos Terreno/Chat de WhatsApp con G1 acrilica Fernando  Pedro G/IMG-20260713-WA0157.jpg",
        "nombre_foto_antes": "IMG-20260713-WA0156.jpg",
        "nombre_foto_despues": "IMG-20260713-WA0157.jpg",
        "total_fotos": 2,
        "observaciones": ""
      }
    },
    {
      "type": "Feature",
      "geometry": {
        "type": "Point",
        "coordinates": [
          -72.7575004,
          -38.7607464
        ]
      },
      "properties": {
        "id": "G1-20260713-0244",
        "nombre": "Señalética Vial",
        "fecha": "2026-07-13",
        "fecha_display": "13/7/2026",
        "hora": "16:18",
        "cuadrilla": "GRUPO 1",
        "tipo": "Mantención de Señalética",
        "foto_antes": "Datos Grupos Terreno/Chat de WhatsApp con G1 acrilica Fernando  Pedro G/IMG-20260713-WA0167.jpg",
        "foto_despues": "Datos Grupos Terreno/Chat de WhatsApp con G1 acrilica Fernando  Pedro G/IMG-20260713-WA0168.jpg",
        "nombre_foto_antes": "IMG-20260713-WA0167.jpg",
        "nombre_foto_despues": "IMG-20260713-WA0168.jpg",
        "total_fotos": 2,
        "observaciones": ""
      }
    },
    {
      "type": "Feature",
      "geometry": {
        "type": "Point",
        "coordinates": [
          -72.7577591,
          -38.7631552
        ]
      },
      "properties": {
        "id": "G1-20260713-0245",
        "nombre": "Señalética Vial",
        "fecha": "2026-07-13",
        "fecha_display": "13/7/2026",
        "hora": "16:57",
        "cuadrilla": "GRUPO 1",
        "tipo": "Mantención de Señalética",
        "foto_antes": "Datos Grupos Terreno/Chat de WhatsApp con G1 acrilica Fernando  Pedro G/IMG-20260713-WA0178.jpg",
        "foto_despues": "Datos Grupos Terreno/Chat de WhatsApp con G1 acrilica Fernando  Pedro G/IMG-20260713-WA0179.jpg",
        "nombre_foto_antes": "IMG-20260713-WA0178.jpg",
        "nombre_foto_despues": "IMG-20260713-WA0179.jpg",
        "total_fotos": 2,
        "observaciones": ""
      }
    },
    {
      "type": "Feature",
      "geometry": {
        "type": "Point",
        "coordinates": [
          -72.7578285,
          -38.7631603
        ]
      },
      "properties": {
        "id": "G1-20260713-0246",
        "nombre": "Señalética Vial",
        "fecha": "2026-07-13",
        "fecha_display": "13/7/2026",
        "hora": "17:06",
        "cuadrilla": "GRUPO 1",
        "tipo": "Mantención de Señalética",
        "foto_antes": "Datos Grupos Terreno/Chat de WhatsApp con G1 acrilica Fernando  Pedro G/IMG-20260713-WA0234.jpg",
        "foto_despues": "Datos Grupos Terreno/Chat de WhatsApp con G1 acrilica Fernando  Pedro G/IMG-20260713-WA0238.jpg",
        "nombre_foto_antes": "IMG-20260713-WA0234.jpg",
        "nombre_foto_despues": "IMG-20260713-WA0238.jpg",
        "total_fotos": 2,
        "observaciones": ""
      }
    },
    {
      "type": "Feature",
      "geometry": {
        "type": "Point",
        "coordinates": [
          -72.7663427,
          -38.7716873
        ]
      },
      "properties": {
        "id": "G1-20260714-0247",
        "nombre": "Señalética Vial",
        "fecha": "2026-07-14",
        "fecha_display": "14/7/2026",
        "hora": "09:27",
        "cuadrilla": "GRUPO 1",
        "tipo": "Mantención de Señalética",
        "foto_antes": "Datos Grupos Terreno/Chat de WhatsApp con G1 acrilica Fernando  Pedro G/IMG-20260714-WA0008.jpg",
        "foto_despues": "Datos Grupos Terreno/Chat de WhatsApp con G1 acrilica Fernando  Pedro G/IMG-20260714-WA0040.jpg",
        "nombre_foto_antes": "IMG-20260714-WA0008.jpg",
        "nombre_foto_despues": "IMG-20260714-WA0040.jpg",
        "total_fotos": 4,
        "observaciones": ""
      }
    },
    {
      "type": "Feature",
      "geometry": {
        "type": "Point",
        "coordinates": [
          -72.7457403,
          -38.7654084
        ]
      },
      "properties": {
        "id": "G1-20260714-0248",
        "nombre": "Señalética Vial",
        "fecha": "2026-07-14",
        "fecha_display": "14/7/2026",
        "hora": "10:42",
        "cuadrilla": "GRUPO 1",
        "tipo": "Mantención de Señalética",
        "foto_antes": "Datos Grupos Terreno/Chat de WhatsApp con G1 acrilica Fernando  Pedro G/IMG-20260714-WA0041.jpg",
        "foto_despues": "Datos Grupos Terreno/Chat de WhatsApp con G1 acrilica Fernando  Pedro G/IMG-20260714-WA0052.jpg",
        "nombre_foto_antes": "IMG-20260714-WA0041.jpg",
        "nombre_foto_despues": "IMG-20260714-WA0052.jpg",
        "total_fotos": 7,
        "observaciones": ""
      }
    },
    {
      "type": "Feature",
      "geometry": {
        "type": "Point",
        "coordinates": [
          -72.7482429,
          -38.7648801
        ]
      },
      "properties": {
        "id": "G1-20260714-0249",
        "nombre": "Señalética Vial",
        "fecha": "2026-07-14",
        "fecha_display": "14/7/2026",
        "hora": "11:00",
        "cuadrilla": "GRUPO 1",
        "tipo": "Mantención de Señalética",
        "foto_antes": "Datos Grupos Terreno/Chat de WhatsApp con G1 acrilica Fernando  Pedro G/IMG-20260714-WA0094.jpg",
        "foto_despues": "Datos Grupos Terreno/Chat de WhatsApp con G1 acrilica Fernando  Pedro G/IMG-20260714-WA0109.jpg",
        "nombre_foto_antes": "IMG-20260714-WA0094.jpg",
        "nombre_foto_despues": "IMG-20260714-WA0109.jpg",
        "total_fotos": 3,
        "observaciones": ""
      }
    },
    {
      "type": "Feature",
      "geometry": {
        "type": "Point",
        "coordinates": [
          -72.69687,
          -38.71703
        ]
      },
      "properties": {
        "id": "G1-20260714-0250",
        "nombre": "Señalética Vial",
        "fecha": "2026-07-14",
        "fecha_display": "14/7/2026",
        "hora": "12:02",
        "cuadrilla": "GRUPO 1",
        "tipo": "Mantención de Señalética",
        "foto_antes": "Datos Grupos Terreno/Chat de WhatsApp con G1 acrilica Fernando  Pedro G/IMG-20260714-WA0157.jpg",
        "foto_despues": "Datos Grupos Terreno/Chat de WhatsApp con G1 acrilica Fernando  Pedro G/IMG-20260714-WA0183.jpg",
        "nombre_foto_antes": "IMG-20260714-WA0157.jpg",
        "nombre_foto_despues": "IMG-20260714-WA0183.jpg",
        "total_fotos": 7,
        "observaciones": ""
      }
    },
    {
      "type": "Feature",
      "geometry": {
        "type": "Point",
        "coordinates": [
          -72.6242589,
          -38.7302777
        ]
      },
      "properties": {
        "id": "G1-20260715-0251",
        "nombre": "Señalética Vial",
        "fecha": "2026-07-15",
        "fecha_display": "15/7/2026",
        "hora": "08:43",
        "cuadrilla": "GRUPO 1",
        "tipo": "Mantención de Señalética",
        "foto_antes": "Datos Grupos Terreno/Chat de WhatsApp con G1 acrilica Fernando  Pedro G/IMG-20260714-WA0168.jpg",
        "foto_despues": "Datos Grupos Terreno/Chat de WhatsApp con G1 acrilica Fernando  Pedro G/IMG-20260715-WA0025.jpg",
        "nombre_foto_antes": "IMG-20260714-WA0168.jpg",
        "nombre_foto_despues": "IMG-20260715-WA0025.jpg",
        "total_fotos": 5,
        "observaciones": ""
      }
    },
    {
      "type": "Feature",
      "geometry": {
        "type": "Point",
        "coordinates": [
          -72.6242987,
          -38.7302911
        ]
      },
      "properties": {
        "id": "G1-20260715-0252",
        "nombre": "Señalética Vial",
        "fecha": "2026-07-15",
        "fecha_display": "15/7/2026",
        "hora": "10:23",
        "cuadrilla": "GRUPO 1",
        "tipo": "Mantención de Señalética",
        "foto_antes": "Datos Grupos Terreno/Chat de WhatsApp con G1 acrilica Fernando  Pedro G/IMG-20260715-WA0028.jpg",
        "foto_despues": "Datos Grupos Terreno/Chat de WhatsApp con G1 acrilica Fernando  Pedro G/IMG-20260715-WA0031.jpg",
        "nombre_foto_antes": "IMG-20260715-WA0028.jpg",
        "nombre_foto_despues": "IMG-20260715-WA0031.jpg",
        "total_fotos": 4,
        "observaciones": ""
      }
    },
    {
      "type": "Feature",
      "geometry": {
        "type": "Point",
        "coordinates": [
          -72.6243917,
          -38.7303021
        ]
      },
      "properties": {
        "id": "G1-20260715-0253",
        "nombre": "Señalética Vial",
        "fecha": "2026-07-15",
        "fecha_display": "15/7/2026",
        "hora": "10:35",
        "cuadrilla": "GRUPO 1",
        "tipo": "Mantención de Señalética",
        "foto_antes": "Datos Grupos Terreno/Chat de WhatsApp con G1 acrilica Fernando  Pedro G/IMG-20260715-WA0033.jpg",
        "foto_despues": "Datos Grupos Terreno/Chat de WhatsApp con G1 acrilica Fernando  Pedro G/IMG-20260715-WA0034.jpg",
        "nombre_foto_antes": "IMG-20260715-WA0033.jpg",
        "nombre_foto_despues": "IMG-20260715-WA0034.jpg",
        "total_fotos": 2,
        "observaciones": ""
      }
    },
    {
      "type": "Feature",
      "geometry": {
        "type": "Point",
        "coordinates": [
          -72.6243727,
          -38.7302862
        ]
      },
      "properties": {
        "id": "G1-20260715-0254",
        "nombre": "Señalética Vial",
        "fecha": "2026-07-15",
        "fecha_display": "15/7/2026",
        "hora": "10:36",
        "cuadrilla": "GRUPO 1",
        "tipo": "Mantención de Señalética",
        "foto_antes": "Datos Grupos Terreno/Chat de WhatsApp con G1 acrilica Fernando  Pedro G/IMG-20260715-WA0045.jpg",
        "foto_despues": "Datos Grupos Terreno/Chat de WhatsApp con G1 acrilica Fernando  Pedro G/IMG-20260715-WA0047.jpg",
        "nombre_foto_antes": "IMG-20260715-WA0045.jpg",
        "nombre_foto_despues": "IMG-20260715-WA0047.jpg",
        "total_fotos": 3,
        "observaciones": ""
      }
    },
    {
      "type": "Feature",
      "geometry": {
        "type": "Point",
        "coordinates": [
          -72.6243264,
          -38.7302817
        ]
      },
      "properties": {
        "id": "G1-20260715-0255",
        "nombre": "Señalética Vial",
        "fecha": "2026-07-15",
        "fecha_display": "15/7/2026",
        "hora": "11:29",
        "cuadrilla": "GRUPO 1",
        "tipo": "Mantención de Señalética",
        "foto_antes": "",
        "foto_despues": "",
        "nombre_foto_antes": "",
        "nombre_foto_despues": "",
        "total_fotos": 0,
        "observaciones": ""
      }
    },
    {
      "type": "Feature",
      "geometry": {
        "type": "Point",
        "coordinates": [
          -72.6236308,
          -38.7304138
        ]
      },
      "properties": {
        "id": "G1-20260715-0256",
        "nombre": "Señalética Vial",
        "fecha": "2026-07-15",
        "fecha_display": "15/7/2026",
        "hora": "11:43",
        "cuadrilla": "GRUPO 1",
        "tipo": "Mantención de Señalética",
        "foto_antes": "Datos Grupos Terreno/Chat de WhatsApp con G1 acrilica Fernando  Pedro G/IMG-20260715-WA0057.jpg",
        "foto_despues": "Datos Grupos Terreno/Chat de WhatsApp con G1 acrilica Fernando  Pedro G/IMG-20260715-WA0064.jpg",
        "nombre_foto_antes": "IMG-20260715-WA0057.jpg",
        "nombre_foto_despues": "IMG-20260715-WA0064.jpg",
        "total_fotos": 6,
        "observaciones": ""
      }
    },
    {
      "type": "Feature",
      "geometry": {
        "type": "Point",
        "coordinates": [
          -72.6232676,
          -38.7306441
        ]
      },
      "properties": {
        "id": "G1-20260715-0257",
        "nombre": "Señalética Vial",
        "fecha": "2026-07-15",
        "fecha_display": "15/7/2026",
        "hora": "12:12",
        "cuadrilla": "GRUPO 1",
        "tipo": "Mantención de Señalética",
        "foto_antes": "Datos Grupos Terreno/Chat de WhatsApp con G1 acrilica Fernando  Pedro G/IMG-20260715-WA0089.jpg",
        "foto_despues": "Datos Grupos Terreno/Chat de WhatsApp con G1 acrilica Fernando  Pedro G/IMG-20260715-WA0092.jpg",
        "nombre_foto_antes": "IMG-20260715-WA0089.jpg",
        "nombre_foto_despues": "IMG-20260715-WA0092.jpg",
        "total_fotos": 3,
        "observaciones": ""
      }
    },
    {
      "type": "Feature",
      "geometry": {
        "type": "Point",
        "coordinates": [
          -72.6232797,
          -38.7306823
        ]
      },
      "properties": {
        "id": "G1-20260715-0258",
        "nombre": "Señalética Vial",
        "fecha": "2026-07-15",
        "fecha_display": "15/7/2026",
        "hora": "15:39",
        "cuadrilla": "GRUPO 1",
        "tipo": "Mantención de Señalética",
        "foto_antes": "Datos Grupos Terreno/Chat de WhatsApp con G1 acrilica Fernando  Pedro G/IMG-20260715-WA0100.jpg",
        "foto_despues": "Datos Grupos Terreno/Chat de WhatsApp con G1 acrilica Fernando  Pedro G/IMG-20260715-WA0117.jpg",
        "nombre_foto_antes": "IMG-20260715-WA0100.jpg",
        "nombre_foto_despues": "IMG-20260715-WA0117.jpg",
        "total_fotos": 2,
        "observaciones": ""
      }
    },
    {
      "type": "Feature",
      "geometry": {
        "type": "Point",
        "coordinates": [
          -72.5970817,
          -38.737195
        ]
      },
      "properties": {
        "id": "G1-20260715-0259",
        "nombre": "Señalética Vial",
        "fecha": "2026-07-15",
        "fecha_display": "15/7/2026",
        "hora": "16:46",
        "cuadrilla": "GRUPO 1",
        "tipo": "Mantención de Señalética",
        "foto_antes": "Datos Grupos Terreno/Chat de WhatsApp con G1 acrilica Fernando  Pedro G/IMG-20260715-WA0119.jpg",
        "foto_despues": "Datos Grupos Terreno/Chat de WhatsApp con G1 acrilica Fernando  Pedro G/IMG-20260715-WA0140.jpg",
        "nombre_foto_antes": "IMG-20260715-WA0119.jpg",
        "nombre_foto_despues": "IMG-20260715-WA0140.jpg",
        "total_fotos": 3,
        "observaciones": ""
      }
    },
    {
      "type": "Feature",
      "geometry": {
        "type": "Point",
        "coordinates": [
          -72.6181885,
          -38.7321535
        ]
      },
      "properties": {
        "id": "G1-20260715-0260",
        "nombre": "Señalética Vial",
        "fecha": "2026-07-15",
        "fecha_display": "15/7/2026",
        "hora": "17:46",
        "cuadrilla": "GRUPO 1",
        "tipo": "Mantención de Señalética",
        "foto_antes": "Datos Grupos Terreno/Chat de WhatsApp con G1 acrilica Fernando  Pedro G/IMG-20260701-WA0155.jpg",
        "foto_despues": "Datos Grupos Terreno/Chat de WhatsApp con G1 acrilica Fernando  Pedro G/IMG-20260701-WA0129.jpg",
        "nombre_foto_antes": "IMG-20260701-WA0155.jpg",
        "nombre_foto_despues": "IMG-20260701-WA0129.jpg",
        "total_fotos": 5,
        "observaciones": ""
      }
    },
    {
      "type": "Feature",
      "geometry": {
        "type": "Point",
        "coordinates": [
          -72.7482284,
          -38.7648713
        ]
      },
      "properties": {
        "id": "G1-20260717-0261",
        "nombre": "Señalética Vial",
        "fecha": "2026-07-17",
        "fecha_display": "17/7/2026",
        "hora": "07:43",
        "cuadrilla": "GRUPO 1",
        "tipo": "Mantención de Señalética",
        "foto_antes": "Datos Grupos Terreno/Chat de WhatsApp con G1 acrilica Fernando  Pedro G/IMG-20260714-WA0051.jpg",
        "foto_despues": "Datos Grupos Terreno/Chat de WhatsApp con G1 acrilica Fernando  Pedro G/IMG-20260717-WA0122.jpg",
        "nombre_foto_antes": "IMG-20260714-WA0051.jpg",
        "nombre_foto_despues": "IMG-20260717-WA0122.jpg",
        "total_fotos": 9,
        "observaciones": ""
      }
    },
    {
      "type": "Feature",
      "geometry": {
        "type": "Point",
        "coordinates": [
          -72.5741543,
          -38.732805
        ]
      },
      "properties": {
        "id": "G1-20260717-0262",
        "nombre": "Señalética Vial",
        "fecha": "2026-07-17",
        "fecha_display": "17/7/2026",
        "hora": "17:55",
        "cuadrilla": "GRUPO 1",
        "tipo": "Mantención de Señalética",
        "foto_antes": "",
        "foto_despues": "",
        "nombre_foto_antes": "",
        "nombre_foto_despues": "",
        "total_fotos": 0,
        "observaciones": ""
      }
    },
    {
      "type": "Feature",
      "geometry": {
        "type": "Point",
        "coordinates": [
          -72.6098533,
          -38.72901
        ]
      },
      "properties": {
        "id": "G1-20260720-0263",
        "nombre": "Señalética Vial",
        "fecha": "2026-07-20",
        "fecha_display": "20/7/2026",
        "hora": "08:38",
        "cuadrilla": "GRUPO 1",
        "tipo": "Mantención de Señalética",
        "foto_antes": "Datos Grupos Terreno/Chat de WhatsApp con G1 acrilica Fernando  Pedro G/IMG-20260720-WA0031.jpg",
        "foto_despues": "",
        "nombre_foto_antes": "IMG-20260720-WA0031.jpg",
        "nombre_foto_despues": "",
        "total_fotos": 1,
        "observaciones": ""
      }
    },
    {
      "type": "Feature",
      "geometry": {
        "type": "Point",
        "coordinates": [
          -72.5960615,
          -38.7343334
        ]
      },
      "properties": {
        "id": "G1-20260720-0264",
        "nombre": "Señalética Vial",
        "fecha": "2026-07-20",
        "fecha_display": "20/7/2026",
        "hora": "11:16",
        "cuadrilla": "GRUPO 1",
        "tipo": "Mantención de Señalética",
        "foto_antes": "Datos Grupos Terreno/Chat de WhatsApp con G1 acrilica Fernando  Pedro G/IMG-20260720-WA0038.jpg",
        "foto_despues": "Datos Grupos Terreno/Chat de WhatsApp con G1 acrilica Fernando  Pedro G/IMG-20260720-WA0039.jpg",
        "nombre_foto_antes": "IMG-20260720-WA0038.jpg",
        "nombre_foto_despues": "IMG-20260720-WA0039.jpg",
        "total_fotos": 2,
        "observaciones": ""
      }
    },
    {
      "type": "Feature",
      "geometry": {
        "type": "Point",
        "coordinates": [
          -72.5960594,
          -38.734293
        ]
      },
      "properties": {
        "id": "G1-20260720-0265",
        "nombre": "Señalética Vial",
        "fecha": "2026-07-20",
        "fecha_display": "20/7/2026",
        "hora": "12:25",
        "cuadrilla": "GRUPO 1",
        "tipo": "Mantención de Señalética",
        "foto_antes": "Datos Grupos Terreno/Chat de WhatsApp con G1 acrilica Fernando  Pedro G/IMG-20260720-WA0084.jpg",
        "foto_despues": "Datos Grupos Terreno/Chat de WhatsApp con G1 acrilica Fernando  Pedro G/IMG-20260720-WA0089.jpg",
        "nombre_foto_antes": "IMG-20260720-WA0084.jpg",
        "nombre_foto_despues": "IMG-20260720-WA0089.jpg",
        "total_fotos": 6,
        "observaciones": ""
      }
    },
    {
      "type": "Feature",
      "geometry": {
        "type": "Point",
        "coordinates": [
          -72.5980552,
          -38.7351367
        ]
      },
      "properties": {
        "id": "G1-20260720-0266",
        "nombre": "Señalética Vial",
        "fecha": "2026-07-20",
        "fecha_display": "20/7/2026",
        "hora": "18:18",
        "cuadrilla": "GRUPO 1",
        "tipo": "Mantención de Señalética",
        "foto_antes": "",
        "foto_despues": "",
        "nombre_foto_antes": "",
        "nombre_foto_despues": "",
        "total_fotos": 0,
        "observaciones": ""
      }
    },
    {
      "type": "Feature",
      "geometry": {
        "type": "Point",
        "coordinates": [
          -72.6026983,
          -38.7272267
        ]
      },
      "properties": {
        "id": "G1-20260721-0267",
        "nombre": "Señalética Vial",
        "fecha": "2026-07-21",
        "fecha_display": "21/7/2026",
        "hora": "08:45",
        "cuadrilla": "GRUPO 1",
        "tipo": "Mantención de Señalética",
        "foto_antes": "Datos Grupos Terreno/Chat de WhatsApp con G1 acrilica Fernando  Pedro G/IMG-20260721-WA0004.jpg",
        "foto_despues": "Datos Grupos Terreno/Chat de WhatsApp con G1 acrilica Fernando  Pedro G/IMG-20260721-WA0052.jpg",
        "nombre_foto_antes": "IMG-20260721-WA0004.jpg",
        "nombre_foto_despues": "IMG-20260721-WA0052.jpg",
        "total_fotos": 7,
        "observaciones": ""
      }
    },
    {
      "type": "Feature",
      "geometry": {
        "type": "Point",
        "coordinates": [
          -72.5660412,
          -38.7169567
        ]
      },
      "properties": {
        "id": "G1-20260721-0268",
        "nombre": "Señalética Vial",
        "fecha": "2026-07-21",
        "fecha_display": "21/7/2026",
        "hora": "12:20",
        "cuadrilla": "GRUPO 1",
        "tipo": "Mantención de Señalética",
        "foto_antes": "Datos Grupos Terreno/Chat de WhatsApp con G1 acrilica Fernando  Pedro G/IMG-20260721-WA0071.jpg",
        "foto_despues": "Datos Grupos Terreno/Chat de WhatsApp con G1 acrilica Fernando  Pedro G/IMG-20260721-WA0085.jpg",
        "nombre_foto_antes": "IMG-20260721-WA0071.jpg",
        "nombre_foto_despues": "IMG-20260721-WA0085.jpg",
        "total_fotos": 3,
        "observaciones": ""
      }
    },
    {
      "type": "Feature",
      "geometry": {
        "type": "Point",
        "coordinates": [
          -72.5995236,
          -38.7350511
        ]
      },
      "properties": {
        "id": "G1-20260721-0269",
        "nombre": "Señalética Vial",
        "fecha": "2026-07-21",
        "fecha_display": "21/7/2026",
        "hora": "16:45",
        "cuadrilla": "GRUPO 1",
        "tipo": "Mantención de Señalética",
        "foto_antes": "Datos Grupos Terreno/Chat de WhatsApp con G1 acrilica Fernando  Pedro G/IMG-20260721-WA0088.jpg",
        "foto_despues": "Datos Grupos Terreno/Chat de WhatsApp con G1 acrilica Fernando  Pedro G/IMG-20260721-WA0089.jpg",
        "nombre_foto_antes": "IMG-20260721-WA0088.jpg",
        "nombre_foto_despues": "IMG-20260721-WA0089.jpg",
        "total_fotos": 2,
        "observaciones": ""
      }
    },
    {
      "type": "Feature",
      "geometry": {
        "type": "Point",
        "coordinates": [
          -72.5993682,
          -38.7351285
        ]
      },
      "properties": {
        "id": "G1-20260721-0270",
        "nombre": "Señalética Vial",
        "fecha": "2026-07-21",
        "fecha_display": "21/7/2026",
        "hora": "16:57",
        "cuadrilla": "GRUPO 1",
        "tipo": "Mantención de Señalética",
        "foto_antes": "Datos Grupos Terreno/Chat de WhatsApp con G1 acrilica Fernando  Pedro G/IMG-20260721-WA0111.jpg",
        "foto_despues": "Datos Grupos Terreno/Chat de WhatsApp con G1 acrilica Fernando  Pedro G/IMG-20260721-WA0112.jpg",
        "nombre_foto_antes": "IMG-20260721-WA0111.jpg",
        "nombre_foto_despues": "IMG-20260721-WA0112.jpg",
        "total_fotos": 2,
        "observaciones": ""
      }
    },
    {
      "type": "Feature",
      "geometry": {
        "type": "Point",
        "coordinates": [
          -72.5704048,
          -38.7207996
        ]
      },
      "properties": {
        "id": "G1-20260721-0271",
        "nombre": "Señalética Vial",
        "fecha": "2026-07-21",
        "fecha_display": "21/7/2026",
        "hora": "18:31",
        "cuadrilla": "GRUPO 1",
        "tipo": "Mantención de Señalética",
        "foto_antes": "Datos Grupos Terreno/Chat de WhatsApp con G1 acrilica Fernando  Pedro G/IMG-20260721-WA0119.jpg",
        "foto_despues": "Datos Grupos Terreno/Chat de WhatsApp con G1 acrilica Fernando  Pedro G/IMG-20260721-WA0125.jpg",
        "nombre_foto_antes": "IMG-20260721-WA0119.jpg",
        "nombre_foto_despues": "IMG-20260721-WA0125.jpg",
        "total_fotos": 3,
        "observaciones": ""
      }
    },
    {
      "type": "Feature",
      "geometry": {
        "type": "Point",
        "coordinates": [
          -72.6023412,
          -38.7325517
        ]
      },
      "properties": {
        "id": "G1-20260722-0272",
        "nombre": "Señalética Vial",
        "fecha": "2026-07-22",
        "fecha_display": "22/7/2026",
        "hora": "08:21",
        "cuadrilla": "GRUPO 1",
        "tipo": "Mantención de Señalética",
        "foto_antes": "Datos Grupos Terreno/Chat de WhatsApp con G1 acrilica Fernando  Pedro G/IMG-20260722-WA0001.jpg",
        "foto_despues": "Datos Grupos Terreno/Chat de WhatsApp con G1 acrilica Fernando  Pedro G/IMG-20260722-WA0011.jpg",
        "nombre_foto_antes": "IMG-20260722-WA0001.jpg",
        "nombre_foto_despues": "IMG-20260722-WA0011.jpg",
        "total_fotos": 5,
        "observaciones": ""
      }
    },
    {
      "type": "Feature",
      "geometry": {
        "type": "Point",
        "coordinates": [
          -72.6239608,
          -38.7303462
        ]
      },
      "properties": {
        "id": "G1-20260722-0273",
        "nombre": "Señalética Vial",
        "fecha": "2026-07-22",
        "fecha_display": "22/7/2026",
        "hora": "09:49",
        "cuadrilla": "GRUPO 1",
        "tipo": "Mantención de Señalética",
        "foto_antes": "Datos Grupos Terreno/Chat de WhatsApp con G1 acrilica Fernando  Pedro G/IMG-20260722-WA0021.jpg",
        "foto_despues": "Datos Grupos Terreno/Chat de WhatsApp con G1 acrilica Fernando  Pedro G/IMG-20260722-WA0022.jpg",
        "nombre_foto_antes": "IMG-20260722-WA0021.jpg",
        "nombre_foto_despues": "IMG-20260722-WA0022.jpg",
        "total_fotos": 2,
        "observaciones": ""
      }
    },
    {
      "type": "Feature",
      "geometry": {
        "type": "Point",
        "coordinates": [
          -72.6240033,
          -38.7303433
        ]
      },
      "properties": {
        "id": "G1-20260722-0274",
        "nombre": "Señalética Vial",
        "fecha": "2026-07-22",
        "fecha_display": "22/7/2026",
        "hora": "10:10",
        "cuadrilla": "GRUPO 1",
        "tipo": "Mantención de Señalética",
        "foto_antes": "Datos Grupos Terreno/Chat de WhatsApp con G1 acrilica Fernando  Pedro G/IMG-20260722-WA0025.jpg",
        "foto_despues": "Datos Grupos Terreno/Chat de WhatsApp con G1 acrilica Fernando  Pedro G/IMG-20260722-WA0024.jpg",
        "nombre_foto_antes": "IMG-20260722-WA0025.jpg",
        "nombre_foto_despues": "IMG-20260722-WA0024.jpg",
        "total_fotos": 2,
        "observaciones": ""
      }
    },
    {
      "type": "Feature",
      "geometry": {
        "type": "Point",
        "coordinates": [
          -72.6235183,
          -38.7307517
        ]
      },
      "properties": {
        "id": "G1-20260722-0275",
        "nombre": "Señalética Vial",
        "fecha": "2026-07-22",
        "fecha_display": "22/7/2026",
        "hora": "10:16",
        "cuadrilla": "GRUPO 1",
        "tipo": "Mantención de Señalética",
        "foto_antes": "Datos Grupos Terreno/Chat de WhatsApp con G1 acrilica Fernando  Pedro G/IMG-20260722-WA0037.jpg",
        "foto_despues": "Datos Grupos Terreno/Chat de WhatsApp con G1 acrilica Fernando  Pedro G/IMG-20260722-WA0036.jpg",
        "nombre_foto_antes": "IMG-20260722-WA0037.jpg",
        "nombre_foto_despues": "IMG-20260722-WA0036.jpg",
        "total_fotos": 2,
        "observaciones": ""
      }
    },
    {
      "type": "Feature",
      "geometry": {
        "type": "Point",
        "coordinates": [
          -72.6227032,
          -38.7308268
        ]
      },
      "properties": {
        "id": "G1-20260722-0276",
        "nombre": "Señalética Vial",
        "fecha": "2026-07-22",
        "fecha_display": "22/7/2026",
        "hora": "10:39",
        "cuadrilla": "GRUPO 1",
        "tipo": "Mantención de Señalética",
        "foto_antes": "Datos Grupos Terreno/Chat de WhatsApp con G1 acrilica Fernando  Pedro G/IMG-20260722-WA0039.jpg",
        "foto_despues": "Datos Grupos Terreno/Chat de WhatsApp con G1 acrilica Fernando  Pedro G/IMG-20260722-WA0040.jpg",
        "nombre_foto_antes": "IMG-20260722-WA0039.jpg",
        "nombre_foto_despues": "IMG-20260722-WA0040.jpg",
        "total_fotos": 2,
        "observaciones": ""
      }
    },
    {
      "type": "Feature",
      "geometry": {
        "type": "Point",
        "coordinates": [
          -72.6223483,
          -38.731045
        ]
      },
      "properties": {
        "id": "G1-20260722-0277",
        "nombre": "Señalética Vial",
        "fecha": "2026-07-22",
        "fecha_display": "22/7/2026",
        "hora": "10:50",
        "cuadrilla": "GRUPO 1",
        "tipo": "Mantención de Señalética",
        "foto_antes": "Datos Grupos Terreno/Chat de WhatsApp con G1 acrilica Fernando  Pedro G/IMG-20260722-WA0052.jpg",
        "foto_despues": "Datos Grupos Terreno/Chat de WhatsApp con G1 acrilica Fernando  Pedro G/IMG-20260722-WA0074.jpg",
        "nombre_foto_antes": "IMG-20260722-WA0052.jpg",
        "nombre_foto_despues": "IMG-20260722-WA0074.jpg",
        "total_fotos": 6,
        "observaciones": ""
      }
    },
    {
      "type": "Feature",
      "geometry": {
        "type": "Point",
        "coordinates": [
          -72.5977309,
          -38.7350872
        ]
      },
      "properties": {
        "id": "G1-20260728-0278",
        "nombre": "Señalética Vial",
        "fecha": "2026-07-28",
        "fecha_display": "28/7/2026",
        "hora": "07:12",
        "cuadrilla": "GRUPO 1",
        "tipo": "Mantención de Señalética",
        "foto_antes": "Datos Grupos Terreno/Chat de WhatsApp con G1 acrilica Fernando  Pedro G/IMG-20260728-WA0000.jpg",
        "foto_despues": "Datos Grupos Terreno/Chat de WhatsApp con G1 acrilica Fernando  Pedro G/IMG-20260728-WA0035.jpg",
        "nombre_foto_antes": "IMG-20260728-WA0000.jpg",
        "nombre_foto_despues": "IMG-20260728-WA0035.jpg",
        "total_fotos": 6,
        "observaciones": ""
      }
    },
    {
      "type": "Feature",
      "geometry": {
        "type": "Point",
        "coordinates": [
          -72.6234733,
          -38.7305853
        ]
      },
      "properties": {
        "id": "G1-20260728-0279",
        "nombre": "Señalética Vial",
        "fecha": "2026-07-28",
        "fecha_display": "28/7/2026",
        "hora": "11:34",
        "cuadrilla": "GRUPO 1",
        "tipo": "Mantención de Señalética",
        "foto_antes": "Datos Grupos Terreno/Chat de WhatsApp con G1 acrilica Fernando  Pedro G/IMG-20260728-WA0039.jpg",
        "foto_despues": "Datos Grupos Terreno/Chat de WhatsApp con G1 acrilica Fernando  Pedro G/IMG-20260728-WA0060.jpg",
        "nombre_foto_antes": "IMG-20260728-WA0039.jpg",
        "nombre_foto_despues": "IMG-20260728-WA0060.jpg",
        "total_fotos": 3,
        "observaciones": ""
      }
    },
    {
      "type": "Feature",
      "geometry": {
        "type": "Point",
        "coordinates": [
          -72.6443258,
          -38.7541929
        ]
      },
      "properties": {
        "id": "G1-20260728-0280",
        "nombre": "Señalética Vial",
        "fecha": "2026-07-28",
        "fecha_display": "28/7/2026",
        "hora": "12:52",
        "cuadrilla": "GRUPO 1",
        "tipo": "Mantención de Señalética",
        "foto_antes": "Datos Grupos Terreno/Chat de WhatsApp con G1 acrilica Fernando  Pedro G/IMG-20260728-WA0048.jpg",
        "foto_despues": "",
        "nombre_foto_antes": "IMG-20260728-WA0048.jpg",
        "nombre_foto_despues": "",
        "total_fotos": 1,
        "observaciones": ""
      }
    },
    {
      "type": "Feature",
      "geometry": {
        "type": "Point",
        "coordinates": [
          -72.7607049,
          -38.7675482
        ]
      },
      "properties": {
        "id": "G1-20260729-0281",
        "nombre": "Señalética Vial",
        "fecha": "2026-07-29",
        "fecha_display": "29/7/2026",
        "hora": "08:37",
        "cuadrilla": "GRUPO 1",
        "tipo": "Mantención de Señalética",
        "foto_antes": "Datos Grupos Terreno/Chat de WhatsApp con G1 acrilica Fernando  Pedro G/IMG-20260729-WA0049.jpg",
        "foto_despues": "Datos Grupos Terreno/Chat de WhatsApp con G1 acrilica Fernando  Pedro G/IMG-20260729-WA0095.jpg",
        "nombre_foto_antes": "IMG-20260729-WA0049.jpg",
        "nombre_foto_despues": "IMG-20260729-WA0095.jpg",
        "total_fotos": 4,
        "observaciones": ""
      }
    },
    {
      "type": "Feature",
      "geometry": {
        "type": "Point",
        "coordinates": [
          -72.7605096,
          -38.7673802
        ]
      },
      "properties": {
        "id": "G1-20260729-0282",
        "nombre": "Señalética Vial",
        "fecha": "2026-07-29",
        "fecha_display": "29/7/2026",
        "hora": "14:54",
        "cuadrilla": "GRUPO 1",
        "tipo": "Mantención de Señalética",
        "foto_antes": "",
        "foto_despues": "",
        "nombre_foto_antes": "",
        "nombre_foto_despues": "",
        "total_fotos": 0,
        "observaciones": ""
      }
    },
    {
      "type": "Feature",
      "geometry": {
        "type": "Point",
        "coordinates": [
          -72.6400917,
          -38.7602733
        ]
      },
      "properties": {
        "id": "G1-20260803-0283",
        "nombre": "Señalética Vial",
        "fecha": "2026-08-03",
        "fecha_display": "3/8/2026",
        "hora": "11:04",
        "cuadrilla": "GRUPO 1",
        "tipo": "Mantención de Señalética",
        "foto_antes": "Datos Grupos Terreno/Chat de WhatsApp con G1 acrilica Fernando  Pedro G/IMG-20260803-WA0021.jpg",
        "foto_despues": "Datos Grupos Terreno/Chat de WhatsApp con G1 acrilica Fernando  Pedro G/IMG-20260803-WA0023.jpg",
        "nombre_foto_antes": "IMG-20260803-WA0021.jpg",
        "nombre_foto_despues": "IMG-20260803-WA0023.jpg",
        "total_fotos": 2,
        "observaciones": ""
      }
    },
    {
      "type": "Feature",
      "geometry": {
        "type": "Point",
        "coordinates": [
          -72.6397854,
          -38.7604233
        ]
      },
      "properties": {
        "id": "G1-20260803-0284",
        "nombre": "Señalética Vial",
        "fecha": "2026-08-03",
        "fecha_display": "3/8/2026",
        "hora": "11:27",
        "cuadrilla": "GRUPO 1",
        "tipo": "Mantención de Señalética",
        "foto_antes": "Datos Grupos Terreno/Chat de WhatsApp con G1 acrilica Fernando  Pedro G/IMG-20260803-WA0026.jpg",
        "foto_despues": "Datos Grupos Terreno/Chat de WhatsApp con G1 acrilica Fernando  Pedro G/IMG-20260803-WA0049.jpg",
        "nombre_foto_antes": "IMG-20260803-WA0026.jpg",
        "nombre_foto_despues": "IMG-20260803-WA0049.jpg",
        "total_fotos": 6,
        "observaciones": ""
      }
    },
    {
      "type": "Feature",
      "geometry": {
        "type": "Point",
        "coordinates": [
          -72.6512056,
          -38.6881588
        ]
      },
      "properties": {
        "id": "G1-20260803-0285",
        "nombre": "Señalética Vial",
        "fecha": "2026-08-03",
        "fecha_display": "3/8/2026",
        "hora": "15:38",
        "cuadrilla": "GRUPO 1",
        "tipo": "Mantención de Señalética",
        "foto_antes": "Datos Grupos Terreno/Chat de WhatsApp con G1 acrilica Fernando  Pedro G/IMG-20260803-WA0051.jpg",
        "foto_despues": "Datos Grupos Terreno/Chat de WhatsApp con G1 acrilica Fernando  Pedro G/IMG-20260803-WA0050.jpg",
        "nombre_foto_antes": "IMG-20260803-WA0051.jpg",
        "nombre_foto_despues": "IMG-20260803-WA0050.jpg",
        "total_fotos": 2,
        "observaciones": ""
      }
    },
    {
      "type": "Feature",
      "geometry": {
        "type": "Point",
        "coordinates": [
          -72.6511433,
          -38.688335
        ]
      },
      "properties": {
        "id": "G1-20260803-0286",
        "nombre": "Señalética Vial",
        "fecha": "2026-08-03",
        "fecha_display": "3/8/2026",
        "hora": "15:58",
        "cuadrilla": "GRUPO 1",
        "tipo": "Mantención de Señalética",
        "foto_antes": "Datos Grupos Terreno/Chat de WhatsApp con G1 acrilica Fernando  Pedro G/IMG-20260803-WA0053.jpg",
        "foto_despues": "Datos Grupos Terreno/Chat de WhatsApp con G1 acrilica Fernando  Pedro G/IMG-20260803-WA0066.jpg",
        "nombre_foto_antes": "IMG-20260803-WA0053.jpg",
        "nombre_foto_despues": "IMG-20260803-WA0066.jpg",
        "total_fotos": 5,
        "observaciones": ""
      }
    },
    {
      "type": "Feature",
      "geometry": {
        "type": "Point",
        "coordinates": [
          -72.621875,
          -38.7310317
        ]
      },
      "properties": {
        "id": "G1-20260807-0287",
        "nombre": "Señalética Vial",
        "fecha": "2026-08-07",
        "fecha_display": "7/8/2026",
        "hora": "08:06",
        "cuadrilla": "GRUPO 1",
        "tipo": "Mantención de Señalética",
        "foto_antes": "Datos Grupos Terreno/Chat de WhatsApp con G1 acrilica Fernando  Pedro G/IMG-20260807-WA0000.jpg",
        "foto_despues": "Datos Grupos Terreno/Chat de WhatsApp con G1 acrilica Fernando  Pedro G/IMG-20260807-WA0147.jpg",
        "nombre_foto_antes": "IMG-20260807-WA0000.jpg",
        "nombre_foto_despues": "IMG-20260807-WA0147.jpg",
        "total_fotos": 11,
        "observaciones": ""
      }
    },
    {
      "type": "Feature",
      "geometry": {
        "type": "Point",
        "coordinates": [
          -72.6198399,
          -38.7319286
        ]
      },
      "properties": {
        "id": "G1-20260820-0288",
        "nombre": "Señalética Vial",
        "fecha": "2026-08-20",
        "fecha_display": "20/8/2026",
        "hora": "08:50",
        "cuadrilla": "GRUPO 1",
        "tipo": "Mantención de Señalética",
        "foto_antes": "Datos Grupos Terreno/Chat de WhatsApp con G1 acrilica Fernando  Pedro G/IMG-20260820-WA0002.jpg",
        "foto_despues": "Datos Grupos Terreno/Chat de WhatsApp con G1 acrilica Fernando  Pedro G/IMG-20260820-WA0134.jpg",
        "nombre_foto_antes": "IMG-20260820-WA0002.jpg",
        "nombre_foto_despues": "IMG-20260820-WA0134.jpg",
        "total_fotos": 12,
        "observaciones": ""
      }
    },
    {
      "type": "Feature",
      "geometry": {
        "type": "Point",
        "coordinates": [
          -72.648909,
          -38.7146527
        ]
      },
      "properties": {
        "id": "G1-20260821-0289",
        "nombre": "Señalética Vial",
        "fecha": "2026-08-21",
        "fecha_display": "21/8/2026",
        "hora": "09:20",
        "cuadrilla": "GRUPO 1",
        "tipo": "Mantención de Señalética",
        "foto_antes": "Datos Grupos Terreno/Chat de WhatsApp con G1 acrilica Fernando  Pedro G/IMG-20260821-WA0016.jpg",
        "foto_despues": "Datos Grupos Terreno/Chat de WhatsApp con G1 acrilica Fernando  Pedro G/IMG-20260821-WA0093.jpg",
        "nombre_foto_antes": "IMG-20260821-WA0016.jpg",
        "nombre_foto_despues": "IMG-20260821-WA0093.jpg",
        "total_fotos": 17,
        "observaciones": ""
      }
    },
    {
      "type": "Feature",
      "geometry": {
        "type": "Point",
        "coordinates": [
          -72.6492602,
          -38.7149129
        ]
      },
      "properties": {
        "id": "G1-20260821-0290",
        "nombre": "Señalética Vial",
        "fecha": "2026-08-21",
        "fecha_display": "21/8/2026",
        "hora": "15:42",
        "cuadrilla": "GRUPO 1",
        "tipo": "Mantención de Señalética",
        "foto_antes": "Datos Grupos Terreno/Chat de WhatsApp con G1 acrilica Fernando  Pedro G/IMG-20260821-WA0096.jpg",
        "foto_despues": "Datos Grupos Terreno/Chat de WhatsApp con G1 acrilica Fernando  Pedro G/IMG-20260821-WA0172.jpg",
        "nombre_foto_antes": "IMG-20260821-WA0096.jpg",
        "nombre_foto_despues": "IMG-20260821-WA0172.jpg",
        "total_fotos": 20,
        "observaciones": ""
      }
    }
  ]
}